46,186,26,166,15,136,23,109,39,94,28,107,19,72,15,51,11,33,44,105,41,63,40,38,40,18,58,112,50,95,42,119,38,141,72,122,66,104,55,107,43,115,31.9531,28.1603,21.9317,73.1642,36.1386,21.3776,18.4391,75.9276,42.107,25.02,20.0,87.0919,18.7883,25.2982,22.3607,35.2278,18.9737,11.4018,14.4222,29.8329,-2.7273,3.375,0.9375,5.5385,-3.8889,-5.25,-4.5,-4.3529,-14.0,-25.0,0,-21.75,-2.125,3.0,5.5,1.45,-3.0,0.2727,0.6667,-0.2414,2
47,186,27,167,17,136,26,109,42,94,30,107,22,72,17,52,14,34,46,106,44,63,43,38,42,18,60,113,52,95,43,119,39,140,73,123,69,103,58,106,47,113,32.573,28.4605,21.9317,74.5252,35.9026,20.6155,18.2483,74.7329,43.0465,25.02,20.025,88.0909,19.6977,25.632,21.3776,34.2053,20.3961,11.4018,13.0384,27.8568,-3.1,3.0,0.9375,4.8667,-4.375,-4.0,-6.0,-4.5625,-21.5,-25.0,-20.0,-22.0,-2.25,2.6667,5.25,1.2857,-5.0,0.2727,0.6364,-0.3846,2
51,187,31,167,21,138,29,112,44,98,34,108,25,73,20,52,17,34,49,106,47,64,46,38,46,18,63,113,56,97,47,119,43,140,76,125,73,105,62,107,52,112,30.6757,27.2029,20.5183,70.214,36.1386,21.587,18.2483,75.9276,42.0476,26.0192,20.0,88.0511,17.4642,23.7697,21.3776,33.6006,20.2237,11.1803,11.1803,27.2947,-2.9,3.25,0.9333,5.3077,-3.8889,-4.2,-6.0,-4.3529,-21.0,-26.0,0,-29.3333,-2.2857,2.4444,5.25,1.35,-6.6667,0.1818,0.5,-0.5417,2
55,187,36,167,26,136,36,109,51,95,39,107,31,71,27,51,24,33,54,105,53,63,53,37,53,18,68,112,63,93,53,115,48,136,81,123,78,104,67,107,57,115,32.573,28.7924,20.5183,73.5459,36.8782,20.3961,18.2483,75.505,42.0119,26.0,19.0,87.0057,19.6469,24.1661,21.587,31.241,19.2354,11.4018,12.8062,25.2982,-3.1,2.7,0.9333,4.8,-4.5,-5.0,-6.0,-4.9333,-42.0,0,0,-87.0,-3.8,2.2,4.2,1.2,-6.3333,0.2727,0.8,-0.3333,2
57,187,38,166,28,136,38,110,53,97,41,107,33,72,29,51,26,33,56,106,55,63,54,38,55,18,71,113,64,96,55,118,51,139,83,124,80,104,70,107,60,115,31.6228,27.8568,19.8494,70.6116,35.9026,21.3776,18.2483,75.505,43.0116,25.02,20.025,88.0057,18.3848,23.7697,21.3776,32.8024,20.2237,10.4403,12.8062,24.6982,-3.0,2.6,0.8667,4.6,-4.375,-5.25,-6.0,-4.9333,-43.0,-25.0,20.0,-88.0,-2.4286,2.4444,5.25,1.3,-6.6667,0.3,0.8,-0.3913,2
60,187,41,166,32,137,41,110,56,98,44,106,36,72,32,51,29,33,59,105,58,63,58,38,58,18,73,113,68,95,59,117,54,138,86,124,84,105,73,108,63,114,30.3645,28.4605,19.2094,69.6348,34.9285,21.3776,18.2483,74.5252,42.0119,25.0,20.0,87.0057,18.6815,23.7697,21.587,31.4006,19.105,11.4018,11.6619,25.0799,-3.2222,3.0,0.8,4.5333,-4.25,-5.25,-6.0,-4.8667,-42.0,0,0,-87.0,-3.6,2.4444,4.2,1.3158,-9.5,0.2727,0.6,-0.4348,2
65,186,47,164,38,134,49,109,63,96,50,105,43,71,39,51,36,33,65,104,65,63,65,38,65,19,78,112,75,95,66,115,60,135,91,124,91,105,81,106,71,112,31.3209,27.313,19.105,69.857,34.7131,20.3961,18.2483,73.3485,41.0,25.0,19.0,85.0,17.2627,21.9317,20.8806,29.2062,19.0,10.0499,11.6619,23.3238,-3.3333,2.2727,0.9286,4.25,-4.8571,-5.0,-6.0,-5.1429,0,0,0,0,-5.6667,2.2222,3.3333,1.2778,0,0.1,0.6,-0.6,2
68,185,49,163,40,134,50,108,65,95,51,105,44,71,40,50,37,32,67,104,67,62,66,37,67,17,81,111,76,93,68,115,63,136,94,122,92,103,82,106,73,113,30.3645,27.8568,19.8494,69.857,34.7131,21.3776,18.2483,74.3303,42.0,25.02,20.025,87.0,18.6815,23.4094,21.587,30.8058,19.105,10.4403,11.4018,22.8473,-3.2222,2.6,0.8667,4.25,-4.8571,-5.25,-6.0,-5.2143,0,-25.0,20.0,0,-3.6,2.75,4.2,1.3889,-9.5,0.3,0.7778,-0.4286,2
73,185,55,163,47,133,57,107,72,96,57,107,50,72,46,51,43,33,72,106,73,64,73,40,74,20,86,112,82,94,73,116,68,137,99,123,98,103,89,106,80,113,31.0483,27.8568,18.6011,69.1231,35.6931,21.3776,18.2483,75.3127,42.0119,24.0,20.025,86.0233,18.4391,23.7697,21.587,30.8058,20.025,9.4868,11.4018,21.4709,-3.75,2.6,0.7333,3.9412,-5.0,-5.25,-6.0,-5.2857,42.0,0,20.0,43.0,-4.5,2.4444,4.2,1.3889,-20.0,0.3333,0.7778,-0.5263,2
91,183,74,161,66,132,77,107,92,95,75,108,68,74,64,54,62,37,90,106,91,66,92,43,94,24,103,112,100,94,92,116,88,136,115,122,115,102,106,106,98,114,30.0832,27.313,19.2094,68.4105,34.7131,20.3961,17.1172,72.1803,40.0125,23.0217,19.105,82.0975,18.2483,23.4094,20.3961,28.3019,20.0,9.8489,11.3137,18.7883,-3.625,2.2727,0.8,3.6667,-4.8571,-5.0,-8.5,-5.4615,40.0,23.0,9.5,20.5,-6.0,2.75,5.0,1.6,0,0.4444,1.0,-0.4706,2
99,183,83,159,77,129,90,105,106,96,86,106,81,73,78,53,76,35,101,106,104,67,106,43,109,25,114,114,112,97,103,117,99,137,125,124,127,105,118,109,109,118,30.5941,27.2947,18.3576,67.0671,33.3766,20.2237,18.1108,71.7008,39.1152,24.0832,18.2483,81.3941,17.1172,21.9317,20.3961,27.4591,19.105,9.8489,12.7279,17.088,-5.0,1.8462,0.5625,2.7391,-6.6,-6.6667,-9.0,-7.1,13.0,12.0,6.0,10.125,-8.5,2.2222,5.0,1.5333,9.5,0.4444,1.0,-0.375,2
107,183,91,156,87,127,100,104,116,95,95,105,90,71,88,50,86,32,110,105,113,65,114,41,117,22,123,113,122,94,112,112,106,131,134,124,136,103,126,107,117,117,29.2746,26.4197,18.3576,65.9242,34.3657,21.095,18.1108,73.5527,40.1123,24.0208,19.2354,83.2947,19.0263,20.5913,19.9249,24.7588,21.095,10.7703,13.4536,18.3848,-7.25,1.7692,0.5625,2.44,-6.8,-10.5,-9.0,-8.1111,13.3333,24.0,6.3333,11.8571,-19.0,1.8,3.1667,1.0588,10.5,0.4,1.1111,-0.4118,2
125,188,110,163,106,134,119,112,135,104,112,117,111,83,111,64,111,47,126,117,130,79,132,57,135,39,139,123,139,106,130,123,126,141,150,132,153,112,145,115,138,124,29.2746,25.5539,17.8885,64.0781,34.0147,19.0,17.0,70.0071,38.2099,22.0907,18.2483,78.5175,17.0,19.2354,18.4391,22.2036,20.2237,8.544,11.4018,14.4222,-7.25,1.6923,0.5,2.36,-34.0,0,0,-70.0,9.5,11.0,6.0,8.6667,0,1.8889,4.5,1.3846,6.6667,0.375,1.2857,-0.6667,2
128,188,113,162,110,133,123,113,139,105,116,117,114,84,114,65,114,48,130,117,134,80,136,58,139,40,142,123,143,105,134,122,130,139,153,133,156,112,149,114,142,123,29.1548,23.8537,17.8885,62.6498,33.0606,19.0,17.0,69.029,37.2156,22.0907,18.2483,77.5242,18.0278,19.2354,17.4642,20.0,21.2132,7.2801,11.4018,14.8661,-9.6667,1.5385,0.5,2.1923,-16.5,0,0,-34.5,9.25,11.0,6.0,8.5556,18.0,1.8889,4.25,1.3333,7.0,0.2857,1.2857,-0.9091,2
138,181,123,156,119,128,131,106,147,98,124,111,119,80,117,61,116,44,138,110,140,74,141,50,144,33,150,117,151,101,143,117,139,134,161,126,164,106,157,109,151,117,28.2843,25.0599,17.8885,62.7694,31.4006,19.105,17.0294,67.4759,36.0555,24.0208,17.2627,77.2334,16.0312,17.8885,17.4642,20.2485,20.2237,7.6158,10.0,13.4536,-7.0,1.8333,0.5,2.4167,-6.2,-9.5,-17.0,-8.375,18.0,24.0,5.6667,12.8333,16.0,2.0,4.25,1.5455,6.6667,0.4286,1.3333,-0.9,2
146,177,131,152,127,123,139,101,154,92,131,104,125,72,123,53,121,36,145,103,146,66,147,43,149,25,158,109,157,94,150,112,147,129,169,120,171,99,165,103,159,112,29.2746,25.0599,17.4929,64.2573,32.5576,19.105,17.1172,68.7314,37.0135,23.0217,18.1108,78.1025,15.0333,19.3132,17.2627,22.8254,21.095,7.2111,10.8167,12.8062,-7.25,1.8333,0.6,2.6087,-5.3333,-9.5,-8.5,-6.8,37.0,23.0,9.0,19.5,-15.0,2.5714,5.6667,1.8182,10.5,0.6667,1.5,-0.8,2
155,171,141,146,138,116,152,95,168,87,140,97,136,66,133,46,132,30,155,97,157,60,158,39,162,21,168,104,169,87,161,106,157,122,180,115,181,95,174,102,169,113,30.1496,25.2389,17.8885,64.8845,31.257,20.2237,16.0312,67.4759,37.054,21.0238,18.4391,76.3217,17.0294,20.6155,16.4924,21.095,20.025,9.8995,12.083,11.1803,-10.0,1.5,0.5,2.1852,-7.75,-6.6667,-16.0,-8.375,18.5,21.0,4.5,10.8571,17.0,2.375,4.0,1.6364,20.0,1.0,2.2,-0.1818,2
165,170,151,144,149,114,164,92,180,83,151,93,147,61,145,40,145,23,166,93,170,56,172,32,176,13,180,101,183,84,174,102,170,120,192,114,196,94,190,99,185,108,30.0666,26.6271,18.3576,67.5426,32.249,21.095,17.0,70.2567,37.2156,24.0832,19.4165,80.6226,17.2627,20.1246,18.4391,21.4709,20.3961,7.8102,10.2956,9.2195,-15.0,1.4667,0.5625,2.1034,-8.0,-10.5,0,-11.6667,9.25,12.0,4.75,8.0,5.6667,2.0,4.5,1.9,5.0,0.8333,1.8,-0.8571,2
179,173,166,145,165,115,181,95,197,87,165,93,163,60,162,39,162,22,181,95,186,57,190,34,196,15,195,104,200,89,191,108,186,123,206,118,211,99,207,105,203,113,30.0167,25.6125,17.8885,65.7647,33.0606,21.0238,17.0,71.0634,38.3275,23.3452,19.9249,81.3941,15.8114,21.0238,15.8114,21.0238,19.6469,7.2111,8.9443,5.831,-30.0,1.25,0.5,1.871,-16.5,-21.0,0,-23.6667,7.6,5.75,3.1667,5.3333,3.0,2.1111,3.0,2.1111,3.8,1.5,2.0,-1.6667,2
186,175,172,148,171,116,188,96,204,88,171,93,169,60,168,39,168,22,187,95,192,57,196,35,201,15,201,104,207,90,199,111,194,127,213,118,218,99,215,104,212,110,32.0156,26.2488,17.8885,68.0,33.0606,21.0238,17.0,71.0634,38.3275,22.3607,20.6155,81.2158,15.2315,22.4722,16.7631,24.0416,19.6469,5.831,6.7082,8.0623,-32.0,1.1765,0.5,1.875,-16.5,-21.0,0,-23.6667,7.6,5.5,4.0,5.7143,2.3333,2.625,3.2,3.2857,3.8,1.6667,2.0,-8.0,2
185,176,171,149,170,117,187,96,204,88,170,94,168,60,167,39,168,22,186,95,192,57,195,34,200,14,201,105,206,90,198,110,194,127,213,118,218,98,214,104,211,112,32.0156,27.0185,18.7883,69.3542,34.0588,21.0238,17.0294,72.0278,38.4708,23.1948,20.6155,82.201,15.8114,21.5407,17.4642,23.0868,20.6155,7.2111,8.544,6.3246,-32.0,1.2353,0.4706,1.8485,-17.0,-21.0,17.0,-36.0,6.3333,7.6667,4.0,5.7857,3.0,2.5,4.25,3.1429,4.0,1.5,2.6667,-3.0,2
197,175,184,148,183,118,200,98,216,90,183,97,181,65,180,45,180,28,198,98,203,62,207,40,212,21,211,107,217,94,210,113,205,128,223,121,228,103,224,110,222,117,30.0167,26.2488,17.8885,66.242,32.0624,20.025,17.0,69.0652,36.3456,22.3607,19.6469,78.2624,14.3178,20.2485,15.8114,21.8403,18.6815,8.0623,7.2801,4.1231,-30.0,1.1765,0.5,1.8125,-16.0,-20.0,0,-23.0,7.2,5.5,3.8,5.5,2.1667,2.7143,3.0,3.5,3.6,1.75,3.5,-4.0,2
203,171,191,145,191,116,208,98,223,90,190,96,189,66,189,47,190,31,205,98,211,64,215,44,220,27,219,107,225,94,218,112,212,126,229,120,235,102,232,108,229,116,29.0,24.7588,17.0,63.6318,30.0167,19.0,16.0312,65.0,34.5254,20.3961,17.72,72.5672,14.3178,19.3132,15.2315,20.2485,18.9737,6.7082,8.544,4.0,0,1.0588,0.5333,1.7188,-30.0,0,16.0,0,5.6667,5.0,3.4,4.7333,2.1667,2.5714,2.3333,2.7143,3.0,2.0,2.6667,0,2
206,169,193,142,192,115,207,97,222,91,198,99,195,69,195,51,196,34,213,101,217,66,219,46,224,28,225,109,226,91,216,109,211,126,236,121,239,101,231,104,222,113,27.0185,23.4307,16.1555,58.6686,30.1496,18.0,17.0294,65.0308,35.2278,20.0998,18.6815,73.8241,18.0278,20.5913,17.72,22.0227,20.2237,8.544,12.7279,16.1245,-27.0,1.2,0.4,1.7586,-10.0,0,17.0,-32.5,8.75,10.0,3.6,6.6364,18.0,1.8,3.4,1.2143,6.6667,0.375,1.0,-0.5714,2
207,172,195,147,191,120,204,101,219,95,202,101,197,72,195,53,194,37,216,102,218,66,220,45,223,26,229,111,228,93,218,112,210,130,241,123,244,105,236,102,227,105,27.2947,23.0217,16.1555,57.2713,29.4279,19.105,16.0312,64.4981,36.0555,21.095,19.2354,76.3217,18.0278,21.4709,19.6977,26.8701,18.2483,8.544,9.4868,22.8035,-6.75,1.4615,0.4,2.1667,-5.8,-9.5,-16.0,-8.0,18.0,10.5,6.3333,10.8571,-18.0,1.9,2.25,1.0,6.0,-0.375,0.3333,-1.2857,2
206,172,192,147,188,119,198,99,211,89,201,100,196,70,193,51,192,35,214,101,214,63,215,40,216,20,227,109,223,92,213,108,205,125,240,121,238,102,229,98,220,98,28.2843,22.3607,16.4012,61.0328,30.4138,19.2354,16.0312,65.6201,38.0,23.0217,20.025,81.0247,17.4642,18.868,18.7883,27.2029,19.105,9.8489,9.0,30.4795,-7.0,2.0,0.7692,3.0526,-6.0,-6.3333,-16.0,-7.2222,0,23.0,20.0,40.5,-4.25,1.6,2.125,0.7273,-9.5,-0.4444,0.0,-1.15,2
194,172,179,148,174,121,183,98,196,88,186,100,182,68,180,49,178,33,200,100,199,63,198,38,198,18,213,107,208,92,197,108,189,125,226,118,223,100,213,98,203,101,27.4591,24.6982,16.4012,62.3618,32.249,19.105,16.1245,67.4759,37.0135,25.02,20.0,82.0244,15.8114,19.4165,18.7883,30.0,18.2483,10.198,10.4403,28.6007,-5.4,2.5556,0.7692,3.5294,-8.0,-9.5,-8.0,-8.375,-37.0,-25.0,0,-41.0,-3.0,1.4545,2.125,0.75,-6.0,-0.2,0.3,-0.7391,2
180,177,166,155,159,127,167,105,179,95,174,105,168,73,165,53,163,37,186,105,185,68,184,44,184,24,199,113,192,98,181,115,173,132,211,124,207,107,197,103,186,103,28.8617,23.4094,15.6205,61.3922,32.5576,20.2237,16.1245,68.884,37.0135,24.0208,20.0,81.0247,16.5529,20.2485,18.7883,32.2025,17.4642,10.7703,11.0,32.6497,-4.0,2.75,0.8333,4.6154,-5.3333,-6.6667,-8.0,-6.1818,-37.0,-24.0,0,-40.5,-2.1429,1.5455,2.125,0.7308,-4.25,-0.4,0.0,-0.84,2
177,186,162,164,156,136,164,115,176,104,170,113,165,82,162,63,159,47,183,114,182,77,181,53,180,33,195,122,188,108,178,126,172,143,207,133,203,116,193,114,183,114,28.6356,22.4722,16.2788,61.6117,31.4006,19.2354,16.2788,66.9104,37.0135,24.0208,20.025,81.0555,15.6525,20.5913,18.0278,31.1448,17.4642,10.198,10.0,30.6105,-4.6667,2.625,0.9167,4.2857,-6.2,-6.3333,-5.3333,-6.0,-37.0,-24.0,-20.0,-27.0,-2.0,1.8,2.8333,0.913,-4.25,-0.2,0.0,-0.7917,2
173,195,158,173,152,146,158,125,170,114,166,123,160,92,157,73,155,57,178,123,176,87,175,64,174,45,191,131,184,118,174,136,168,154,202,143,199,126,188,125,177,126,27.6586,21.8403,16.2788,60.208,31.5753,19.2354,16.1245,66.9104,36.0555,23.0217,19.0263,78.1025,14.7648,20.5913,18.9737,32.5269,17.2627,11.0454,11.0454,30.2324,-4.5,3.5,0.9167,4.9167,-5.1667,-6.3333,-8.0,-6.0,-18.0,-23.0,-19.0,-19.5,-1.8571,1.8,3.0,1.0,-5.6667,-0.0909,0.0909,-0.68,2
173,212,158,191,151,163,158,141,171,131,166,140,161,107,158,88,156,71,179,141,177,103,175,79,175,61,191,149,184,134,174,153,168,171,203,160,199,142,188,142,178,145,28.8617,23.0868,16.4012,61.3922,33.3766,19.2354,17.1172,69.7209,38.0526,24.0832,18.0,80.0999,16.5529,21.4709,18.9737,31.8277,18.4391,11.0,10.4403,29.1548,-4.0,3.1429,0.7692,4.6154,-6.6,-6.3333,-8.5,-6.9,-19.0,-12.0,0,-20.0,-2.1429,1.9,3.0,0.9565,-4.5,0.0,0.3,-0.6,2
164,223,148,200,140,172,146,150,158,141,157,143,151,111,148,91,146,73,170,145,167,108,164,84,163,63,183,155,173,143,162,162,155,180,195,168,188,151,176,151,165,155,29.1204,22.8035,15.0,59.8415,32.5576,20.2237,18.1108,70.859,37.1214,24.1868,21.0238,82.2982,15.6205,21.9545,19.3132,37.5366,18.3848,12.0,11.7047,32.6956,-3.5,3.6667,0.75,5.9,-5.3333,-6.6667,-9.0,-6.3636,-12.3333,-8.0,-21.0,-11.7143,-1.2,1.7273,2.5714,0.8929,-2.4286,0.0,0.3636,-0.4333,2
155,227,140,205,131,176,136,153,148,142,148,145,143,111,140,90,138,73,161,147,158,108,156,83,153,63,175,157,163,143,152,162,144,179,186,170,178,152,165,153,153,157,30.3645,23.5372,16.2788,63.5059,34.3657,21.2132,17.1172,72.6911,39.1152,25.0799,20.2237,84.3801,18.4391,21.9545,18.7883,38.0132,19.6977,13.0384,12.6491,35.4683,-3.2222,4.6,0.9167,7.875,-6.8,-7.0,-8.5,-7.2,-13.0,-12.5,-6.6667,-10.5,-1.1667,1.7273,2.125,0.7097,-2.25,0.0769,0.3333,-0.3939,2
150,226,135,203,128,174,132,152,144,142,146,145,141,111,138,91,136,73,159,147,156,109,153,84,151,63,171,157,159,143,148,162,141,180,182,170,174,153,160,154,148,158,29.8329,22.3607,15.6205,61.6604,34.3657,20.2237,18.1108,72.6911,38.1182,25.1794,21.095,84.3801,18.4391,21.9545,19.3132,37.8021,18.7883,14.0357,12.6491,36.0555,-4.1429,5.5,0.8333,6.7778,-6.8,-6.6667,-9.0,-7.2,-12.6667,-8.3333,-10.5,-10.5,-1.1667,1.7273,2.5714,0.7667,-2.125,0.0714,0.3333,-0.3529,2
146,225,132,202,124,174,129,152,141,142,142,144,138,111,135,91,133,74,155,146,152,109,149,85,146,65,168,156,155,143,144,163,137,180,179,170,169,152,155,154,143,158,29.1204,22.561,15.6205,60.6712,33.2415,20.2237,17.1172,70.5762,37.1214,24.1868,20.2237,81.4985,18.3848,22.8254,18.3848,39.2046,20.5913,14.1421,12.6491,37.9473,-3.5,4.4,0.8333,6.6667,-8.25,-6.6667,-8.5,-7.7778,-12.3333,-8.0,-6.6667,-9.0,-1.0,1.8182,2.4286,0.7742,-1.8,0.1429,0.3333,-0.3333,2
127,236,113,214,106,185,110,163,121,153,125,154,121,121,118,101,117,84,138,157,135,120,132,96,129,77,151,167,138,153,126,168,119,182,161,180,151,165,137,166,125,170,29.8329,22.3607,14.8661,61.5224,33.2415,20.2237,17.0294,70.4557,37.1214,24.1868,19.2354,80.5047,19.105,19.2094,15.6525,35.3412,18.0278,14.0357,12.6491,37.3631,-4.1429,5.5,0.9091,7.625,-8.25,-6.6667,-17.0,-8.75,-12.3333,-8.0,-6.3333,-8.8889,-1.0769,1.25,2.0,0.4688,-1.5,0.0714,0.3333,-0.2778,2
120,240,105,217,98,188,103,166,115,158,118,155,114,123,111,103,110,86,131,158,128,122,125,99,121,79,143,169,130,157,118,174,110,189,154,183,144,168,129,169,116,174,29.8329,22.561,14.4222,59.8415,32.249,20.2237,17.0294,69.4622,36.1248,23.1948,20.3961,79.6304,17.6918,20.8087,17.0,38.5876,18.0278,15.0333,13.9284,39.0512,-4.1429,4.4,0.6667,5.9,-8.0,-6.6667,-17.0,-8.625,-12.0,-7.6667,-5.0,-7.9,-0.9231,1.4167,1.875,0.6061,-1.5,0.0667,0.3846,-0.2368,2
113,236,99,215,91,186,95,164,107,156,112,151,108,119,106,100,105,83,125,155,122,119,119,96,115,76,137,166,123,153,110,170,102,185,147,180,136,164,121,166,109,171,30.0832,22.3607,14.4222,59.5399,32.249,19.105,17.0294,68.3593,36.1248,23.1948,20.3961,79.6304,19.105,21.4009,17.0,39.8246,19.4165,15.1327,13.0,39.0512,-3.625,5.5,0.6667,7.375,-8.0,-9.5,-17.0,-9.7143,-12.0,-7.6667,-5.0,-7.9,-0.9286,1.3077,1.875,0.5429,-1.4545,0.1333,0.4167,-0.2368,2
96,234,81,215,71,186,73,163,85,157,93,146,89,114,87,94,86,77,107,150,103,113,98,90,93,69,121,161,103,151,90,170,83,185,130,177,114,165,98,169,86,176,30.6757,23.0868,13.4164,58.1378,32.249,20.0998,17.0294,69.3542,37.2156,23.5372,21.587,82.201,20.5913,23.0217,16.5529,44.9444,20.0,16.4924,13.8924,44.0114,-2.9,11.5,0.5,14.5,-8.0,-10.0,-17.0,-9.8571,-9.25,-4.6,-4.2,-5.7857,-0.5556,1.4615,2.1429,0.6316,-0.75,0.25,0.5833,-0.0227,2
85,236,70,215,61,186,63,163,73,154,83,145,79,113,76,93,75,75,97,148,92,111,87,88,82,68,111,158,91,148,79,167,71,183,120,174,104,161,88,164,75,170,30.3645,23.0868,13.4536,61.0737,32.249,20.2237,18.0278,70.4557,37.3363,23.5372,20.6155,81.3941,22.3607,22.4722,17.8885,47.1699,20.6155,16.2788,14.3178,45.1774,-3.2222,11.5,0.9,20.3333,-8.0,-6.6667,-18.0,-8.75,-7.4,-4.6,-4.0,-5.3333,-0.5,1.5833,2.0,0.625,-0.8125,0.1875,0.4615,-0.0889,2
77,260,57,237,44,208,50,181,64,166,59,164,49,128,44,107,39,89,76,164,77,119,76,93,75,70,91,174,84,153,74,180,69,203,104,191,99,169,85,180,74,193,31.7805,27.6586,20.5183,71.3442,37.3631,21.587,18.6815,77.6209,45.0111,26.0192,23.0217,94.0053,22.1359,28.7924,23.5372,36.4005,22.561,17.8045,17.0294,30.0666,-2.2308,4.5,1.0714,10.1429,-3.6,-4.2,-3.6,-3.75,45.0,-26.0,-23.0,-94.0,-3.0,2.7,4.6,1.3182,-4.4,0.7857,1.1818,0.0667,2
76,265,54,241,42,214,51,186,66,172,55,168,44,131,38,110,34,91,72,166,74,121,75,94,77,70,88,176,84,156,72,181,68,203,102,194,99,173,85,184,75,199,29.5466,29.4109,20.5183,70.0357,38.6005,21.8403,19.4165,79.8123,45.0444,27.0185,24.0832,96.1301,20.3961,27.7308,22.3607,33.6006,21.2132,17.8045,18.0278,27.4591,-2.25,3.1111,0.9333,5.75,-3.3636,-3.5,-4.75,-3.6667,22.5,27.0,12.0,19.2,-5.0,2.0833,5.5,1.35,-7.0,0.7857,1.5,0.1852,2
68,258,46,239,34,210,40,183,53,166,46,164,34,129,27,108,22,89,63,162,64,117,63,91,63,69,79,172,73,150,64,177,59,200,94,187,89,167,76,176,65,187,31.3847,27.6586,21.4009,73.3348,37.0,22.1359,19.6469,78.7464,45.0111,26.0192,22.0,93.0,22.8035,28.4605,23.5372,34.4093,20.6155,15.8114,15.5563,29.0,-2.4167,4.5,1.3077,10.4286,-2.9167,-3.0,-3.8,-3.125,45.0,-26.0,0,0,-3.6667,3.0,4.6,1.4,-4.0,0.6923,1.0,0.0,2
56,244,33,226,18,200,22,171,35,153,27,157,11,120,3,98,-2,80,44,153,42,106,41,80,41,58,61,159,53,135,45,163,42,186,76,170,72,148,60,156,51,168,30.0167,29.2746,22.2036,73.0274,40.3113,23.4094,18.6815,82.28,47.0425,26.0192,22.0,95.0474,25.2982,29.1204,23.1948,33.0151,22.3607,14.4222,15.0,25.0799,-1.7333,7.25,1.3846,36.5,-2.3125,-2.75,-3.6,-2.6552,-23.5,-26.0,0,-31.6667,-3.0,3.5,7.6667,1.4211,-5.5,0.6667,1.3333,-0.08,2
56,252,34,233,19,204,26,174,41,157,27,160,13,124,6,103,0,84,45,155,45,109,44,83,44,61,62,163,57,139,49,166,47,189,78,176,75,155,64,165,57,179,32.6497,30.8058,22.6716,76.3217,38.6264,22.1359,19.9249,80.6536,46.0,26.0192,22.0,94.0053,24.5153,28.1603,23.0868,30.0167,21.2132,14.8661,15.6525,21.2132,-1.9333,4.2857,1.1333,10.8571,-2.5714,-3.0,-3.1667,-2.8148,0,-26.0,0,-94.0,-4.8,3.375,11.5,1.7333,-7.0,0.9091,2.0,0.1429,2
58,265,37,242,27,214,37,185,53,172,35,174,24,138,19,117,14,98,53,171,55,126,56,101,59,80,69,179,68,155,58,180,54,202,83,194,83,171,73,181,65,195,29.7321,30.6757,20.6155,71.8053,37.6431,21.587,19.6469,78.848,45.0444,25.02,21.2132,91.1976,24.0208,26.9258,22.3607,27.4591,23.0,14.1421,16.1245,18.0278,-2.8,2.9,0.8125,4.375,-3.2727,-4.2,-3.8,-3.619,22.5,25.0,7.0,15.1667,-24.0,2.5,5.5,1.5333,0,1.0,1.75,0.0556,2
57,260,36,238,25,211,34,185,48,170,33,171,22,138,16,118,12,99,50,168,52,126,53,101,55,81,66,176,65,154,56,180,52,203,80,190,80,167,70,177,61,191,29.1548,27.5136,20.5183,69.0507,34.7851,20.8806,19.4165,75.0,42.0476,25.02,20.0998,87.1436,22.0227,27.5136,23.3452,30.4138,23.0,14.1421,16.6433,19.0263,-2.4545,2.8889,1.0714,5.6667,-3.0,-3.3333,-4.75,-3.4286,21.0,25.0,10.0,17.4,-22.0,2.8889,5.75,1.9286,0,1.0,1.5556,0.0526,2
55,236,34,218,22,190,31,161,46,145,30,156,19,120,14,99,10,81,46,153,48,108,49,84,50,65,61,158,60,132,53,157,49,180,76,168,75,145,66,153,59,165,30.4631,30.3645,21.9317,73.9797,37.6431,21.587,18.4391,77.6209,45.0444,24.0208,19.0263,88.0909,26.0192,25.9615,23.3452,25.0599,23.0217,12.0416,13.8924,17.2627,-2.3333,3.2222,1.0667,6.0833,-3.2727,-4.2,-4.5,-3.75,22.5,24.0,19.0,22.0,-26.0,3.5714,5.75,1.8333,-23.0,0.8889,1.7143,-0.1765,2
57,232,35,212,24,185,33,156,48,141,31,153,21,115,16,95,12,77,47,148,49,104,50,80,52,60,62,152,61,125,54,150,50,172,76,162,76,140,67,148,60,159,29.1548,30.3645,21.2132,72.1803,39.2938,20.6155,18.4391,78.339,44.0454,24.0208,20.0998,88.1419,27.0185,25.9615,22.3607,23.3238,22.0,12.0416,13.0384,16.2788,-2.4545,3.2222,1.0,5.4615,-3.8,-4.0,-4.5,-4.0,22.0,24.0,10.0,17.6,-27.0,3.5714,5.5,1.6667,0,0.8889,1.5714,-0.1875,2
62,233,42,213,32,184,41,156,56,141,39,154,29,119,24,98,20,79,55,150,56,106,57,83,59,65,70,155,68,129,59,154,56,176,83,164,82,143,72,151,64,163,30.6757,29.4109,21.2132,73.3485,36.4005,21.587,19.4165,77.3692,44.0114,23.0217,18.1108,85.0941,26.0768,26.5707,22.2036,25.2389,21.0238,12.8062,14.4222,19.0263,-2.9,3.1111,1.0,5.1429,-3.5,-4.2,-4.75,-3.9474,44.0,23.0,9.0,21.25,-13.0,2.7778,7.3333,1.5,-21.0,0.8,1.5,-0.0526,2
84,235,64,212,56,183,66,158,80,145,61,159,52,125,47,104,44,86,76,155,77,114,77,90,79,72,90,159,90,136,82,154,78,175,103,167,105,146,97,149,90,159,30.0832,26.9258,19.105,68.884,35.171,21.587,18.2483,74.9533,41.0122,24.0,18.1108,83.0542,23.0,19.6977,21.3776,20.0,21.095,8.544,12.2066,15.2643,-3.625,2.5,0.9286,4.1875,-3.7778,-4.2,-6.0,-4.2941,41.0,0,9.0,27.6667,0,2.25,5.25,1.3333,10.5,0.375,1.4286,-0.6154,2
94,232,74,209,66,179,77,153,92,140,71,158,63,124,59,104,56,87,86,154,87,115,87,91,89,72,100,159,100,135,92,153,89,173,113,167,114,144,106,149,101,160,31.0483,28.2312,19.8494,71.3092,34.9285,20.3961,17.2627,72.5672,39.0128,24.0,19.105,82.0549,24.0,19.6977,20.2237,17.8045,23.0217,9.434,12.083,13.8924,-3.75,2.3636,0.8667,3.8333,-4.25,-5.0,-5.6667,-4.7333,39.0,0,9.5,27.3333,0,2.25,6.6667,1.2727,23.0,0.625,2.2,-0.5833,2
140,230,121,205,115,177,128,151,142,140,114,154,107,119,104,98,102,81,129,151,130,112,131,88,134,69,144,157,147,136,142,153,139,170,157,166,160,144,157,149,155,159,28.6356,29.0689,17.8045,68.3081,35.6931,21.2132,17.1172,73.9797,39.0128,24.0208,19.2354,82.1523,21.2132,17.72,17.2627,13.9284,22.2036,5.831,10.198,7.2801,-4.6667,2.0,0.7857,3.0952,-5.0,-7.0,-8.5,-6.0833,39.0,24.0,6.3333,16.4,7.0,3.4,5.6667,2.6,7.3333,1.6667,5.0,-3.5,2
148,244,130,221,125,189,139,164,152,152,122,166,116,131,113,111,111,93,137,163,137,124,139,101,141,83,152,169,154,153,151,173,149,190,164,178,167,159,165,166,164,176,32.3883,28.6531,17.6918,72.4224,35.5106,20.2237,18.1108,73.8241,39.0,23.0868,18.1108,80.0999,16.1245,20.2237,17.1172,21.2132,19.2354,7.2801,10.0499,2.0,-6.4,1.7857,0.9231,3.1364,-5.8333,-6.6667,-9.0,-6.6364,0,11.5,9.0,20.0,8.0,6.6667,8.5,7.0,6.3333,3.5,10.0,0,2
157,257,141,237,134,208,148,184,161,171,132,178,127,143,124,123,123,106,147,175,149,138,150,115,153,96,162,182,165,168,162,188,160,205,175,193,179,175,177,182,176,191,29.8329,27.7849,18.3848,68.9638,35.3553,20.2237,17.0294,72.5603,37.054,23.0217,19.2354,79.2275,14.3178,20.2237,17.1172,23.0868,18.4391,7.2801,9.0554,2.2361,-4.1429,1.7143,1.0,3.3,-7.0,-6.6667,-17.0,-8.0,18.5,23.0,6.3333,13.1667,4.6667,6.6667,8.5,11.5,4.5,3.5,9.0,2.0,2
160,261,144,239,138,211,152,188,166,176,135,181,130,148,128,128,127,111,151,180,152,143,154,120,158,102,165,187,169,173,166,193,164,210,179,198,182,180,180,185,179,192,28.6356,26.9258,18.4391,66.7308,33.3766,20.0998,17.0294,70.4557,37.0135,23.0868,18.4391,78.3135,14.5602,20.2237,17.1172,23.0217,18.2483,5.3852,7.0711,6.0,-4.6667,1.6429,0.8571,2.8636,-6.6,-10.0,-17.0,-8.75,37.0,11.5,4.5,11.1429,3.5,6.6667,8.5,23.0,6.0,2.5,7.0,0,2
167,264,150,247,143,220,157,197,170,185,141,188,137,155,135,135,134,118,157,186,158,151,161,129,164,111,171,193,175,182,172,204,169,222,184,204,188,190,184,203,180,215,27.8927,26.9258,17.6918,65.146,33.2415,20.0998,17.0294,70.3491,35.0143,22.2036,18.2483,75.326,11.7047,22.2036,18.2483,29.0689,14.5602,13.6015,12.6491,11.7047,-3.8571,1.6429,0.9231,3.1,-8.25,-10.0,-17.0,-10.0,35.0,7.3333,6.0,10.7143,2.75,7.3333,6.0,14.5,3.5,3.25,3.0,2.75,2
174,255,157,235,152,207,166,185,181,173,148,179,142,147,140,127,139,111,163,178,165,143,168,122,172,105,178,185,182,174,178,195,176,210,190,197,195,180,190,191,186,204,28.4429,26.0768,19.2094,66.4831,32.5576,20.0998,16.0312,68.593,35.0571,21.2132,17.4642,73.5527,11.7047,21.3776,15.1327,25.0799,17.72,12.083,13.6015,8.0623,-5.6,1.5714,0.8,2.5833,-5.3333,-10.0,-16.0,-7.5556,17.5,7.0,4.25,8.1111,2.75,5.25,7.5,12.5,3.4,2.2,3.25,1.75,2
180,257,164,235,159,205,175,183,189,170,155,177,150,143,148,124,146,107,171,177,173,141,176,119,180,102,185,185,189,174,186,195,184,211,197,197,202,180,197,193,194,206,30.4138,27.2029,19.105,69.6419,34.3657,19.105,17.1172,70.5762,36.0555,22.2036,17.4642,75.5381,11.7047,21.2132,16.1245,26.0192,17.72,13.9284,13.3417,9.4868,-6.0,1.375,0.9286,2.6,-6.8,-9.5,-8.5,-7.7778,18.0,7.3333,4.25,8.3333,2.75,7.0,8.0,26.0,3.4,2.6,4.3333,3.0,2
184,257,168,236,163,207,179,184,193,172,159,177,153,144,151,124,150,107,174,176,177,141,180,118,184,100,189,184,193,174,190,194,188,210,201,196,205,181,201,193,198,205,29.4279,28.0179,18.4391,68.7095,33.541,20.0998,17.0294,70.5762,35.1283,23.1948,18.4391,76.6551,10.7703,20.2237,16.1245,26.0192,15.5242,12.6491,12.3693,9.4868,-5.8,1.4375,0.8571,2.56,-5.5,-10.0,-17.0,-7.7778,11.6667,7.6667,4.5,7.6,2.5,6.6667,8.0,26.0,3.75,3.0,4.0,3.0,2
199,258,183,238,178,210,192,187,206,175,171,180,167,145,165,125,164,108,187,179,190,144,194,122,199,104,202,187,208,178,205,198,203,214,215,200,220,185,216,197,212,210,28.4429,26.9258,18.4391,67.0671,35.2278,20.0998,17.0294,72.3395,35.1283,22.3607,18.6815,75.9539,10.8167,20.2237,16.1245,27.0185,15.8114,12.6491,13.6015,10.4403,-5.6,1.6429,0.8571,2.7391,-8.75,-10.0,-17.0,-10.2857,11.6667,5.5,3.6,6.25,1.5,6.6667,8.0,-27.0,3.0,3.0,3.25,3.3333,2
206,262,189,243,183,214,198,190,211,177,177,183,171,150,169,130,167,114,193,182,194,146,197,124,201,107,208,190,212,180,209,201,208,218,221,203,224,187,222,200,220,213,29.6142,28.3019,18.3848,69.5701,33.541,20.0998,16.1245,69.7209,36.0139,22.2036,17.4642,75.4255,10.7703,21.2132,17.0294,28.0,16.2788,13.1529,13.1529,10.0499,-4.8333,1.6,1.0,3.0,-5.5,-10.0,-8.0,-6.9,36.0,7.3333,4.25,9.375,2.5,7.0,17.0,0,5.3333,6.5,6.5,10.0,2
212,262,195,242,189,214,204,191,218,180,183,186,178,153,175,133,173,117,199,185,200,149,203,127,207,109,214,193,218,183,217,203,215,219,226,206,230,190,228,202,227,214,28.6356,27.4591,17.8045,66.1287,33.3766,20.2237,16.1245,69.7209,36.0139,22.2036,18.4391,76.4199,10.7703,20.025,16.1245,26.0192,16.4924,12.1655,12.0416,8.0623,-4.6667,1.5333,0.7857,2.6957,-6.6,-6.6667,-8.0,-6.9,36.0,7.3333,4.5,9.5,2.5,20.0,8.0,-26.0,4.0,6.0,12.0,-8.0,2
215,263,198,243,193,214,209,192,223,181,187,186,181,153,179,133,178,116,202,185,204,150,207,127,211,110,217,194,222,184,219,205,218,221,230,206,234,191,231,205,228,218,29.4279,27.2029,17.8045,66.8506,33.541,20.0998,17.0294,70.5762,35.0571,23.1948,17.4642,75.5381,11.1803,21.2132,16.0312,27.0185,15.5242,14.3178,13.3417,12.1655,-5.8,1.375,0.7857,2.48,-5.5,-10.0,-17.0,-7.7778,17.5,7.6667,4.25,8.3333,2.0,7.0,16.0,-27.0,3.75,4.6667,4.3333,6.0,2
215,264,199,241,193,210,210,190,227,183,203,174,197,139,195,118,193,99,221,176,227,139,231,114,235,93,237,188,238,178,228,202,221,221,250,205,254,190,244,201,236,214,31.5753,26.2488,18.3848,64.405,35.5106,21.095,19.105,75.6637,37.4833,25.318,21.3776,84.1724,10.0499,26.0,20.2485,36.6742,15.5242,14.8661,15.2643,16.6433,-5.1667,1.1765,0.4118,2.0714,-5.8333,-10.5,-9.5,-7.5,6.1667,6.25,5.25,5.9286,10.0,2.4,2.7143,2.0625,3.75,1.1,1.625,0.6429,2
213,267,195,246,188,216,203,196,220,190,201,178,196,141,193,119,192,100,219,180,226,140,230,115,234,94,235,193,236,179,226,201,219,220,248,211,250,198,239,209,230,221,30.8058,25.0,18.0278,61.327,37.3363,22.2036,19.0263,78.5175,40.6079,25.318,21.3776,87.2983,14.0357,24.1661,20.2485,31.3847,13.1529,15.5563,15.0,20.5913,-4.2857,1.3333,0.3529,2.24,-7.4,-7.3333,-19.0,-8.6667,5.7143,6.25,5.25,5.7333,14.0,2.2,2.7143,1.6875,6.5,1.0,1.3333,0.5556,2
204,267,186,243,177,211,192,193,210,190,193,176,187,139,185,117,184,97,210,178,215,138,218,113,222,91,226,191,224,178,213,200,206,219,239,211,238,194,226,204,215,217,33.2415,23.4307,18.2483,58.1808,37.4833,22.0907,20.025,79.511,40.3113,25.1794,22.3607,87.8237,13.1529,24.5967,20.2485,34.4093,17.0294,15.6205,17.0294,24.7386,-3.5556,1.2,0.1667,2.2083,-6.1667,-11.0,-20.0,-8.7778,8.0,8.3333,5.5,7.25,-6.5,2.0,2.7143,1.4,-17.0,0.8333,1.1818,0.25,2
194,261,177,237,168,206,183,185,200,180,184,168,177,133,174,111,173,91,201,171,205,130,207,104,211,82,216,184,215,169,202,192,195,211,229,203,228,185,215,196,204,210,32.28,25.807,17.72,61.4654,35.6931,22.2036,20.025,77.7817,41.1947,26.0768,22.3607,89.56,15.0333,26.4197,20.2485,34.2053,18.0278,17.0294,17.8045,25.9615,-3.4444,1.4,0.2941,2.4783,-5.0,-7.3333,-20.0,-7.0,10.25,13.0,5.5,8.9,-15.0,1.7692,2.7143,1.2857,-18.0,0.8462,1.2727,0.28,2
193,260,175,235,167,205,181,184,198,180,183,167,177,131,173,109,172,89,200,170,204,128,206,102,210,79,216,183,214,168,202,191,194,210,229,203,229,184,217,193,206,206,31.0483,25.2389,17.4642,59.6154,36.4966,22.3607,20.025,78.7718,42.19,26.0768,23.3452,91.5478,15.1327,25.9422,20.6155,34.8281,19.0,15.0,17.0294,23.1948,-3.75,1.5,0.2353,2.3913,-6.0,-5.5,-20.0,-7.0909,10.5,13.0,5.75,9.1,-7.5,1.9167,2.375,1.2273,0,0.75,1.1818,0.1304,2
194,255,176,230,168,197,181,175,199,171,184,160,177,124,174,102,173,82,201,164,205,121,207,95,211,73,217,177,214,160,202,185,195,205,231,196,229,175,216,185,205,198,33.9559,25.5539,18.4391,63.3246,36.6742,22.2036,20.025,78.7718,43.1856,26.0768,22.3607,91.5478,17.2627,27.7308,21.1896,35.609,21.095,16.4012,17.0294,26.0768,-4.125,1.6923,0.2222,2.5652,-5.1429,-7.3333,-20.0,-7.0909,10.75,13.0,5.5,9.1,-5.6667,2.0833,2.8571,1.2727,-10.5,0.7692,1.1818,0.0769,2
194,254,177,227,170,194,184,172,202,166,186,159,179,122,177,99,176,79,203,162,207,119,210,92,214,70,218,176,216,158,202,182,195,203,232,194,232,173,219,181,208,193,33.7343,26.0768,18.9737,65.9242,37.6563,23.0868,20.025,80.6226,43.1856,27.1662,22.3607,92.6553,18.1108,27.7849,22.1359,35.4683,21.0,15.2643,16.2788,24.0208,-4.7143,1.5714,0.3333,2.44,-5.2857,-11.5,-20.0,-8.0,10.75,9.0,5.5,8.3636,-9.0,1.7143,3.0,1.1739,0,0.6154,1.0909,-0.0417,2
192,249,175,222,168,188,183,165,201,159,185,155,178,118,176,96,174,77,202,158,206,115,208,89,210,66,217,171,213,154,200,178,192,199,231,189,230,167,216,175,204,188,34.7131,27.4591,18.9737,68.1542,37.6563,22.0907,19.105,78.7718,43.1856,26.0768,23.0868,92.3472,17.4642,27.2947,22.4722,37.5366,22.0227,16.1245,17.6918,27.0185,-4.8571,1.5333,0.3333,2.4231,-5.2857,-11.0,-9.5,-7.0909,10.75,13.0,11.5,11.5,-4.25,1.8462,2.625,1.12,-22.0,0.5714,1.0833,-0.037,2
196,238,180,210,174,177,188,155,206,147,188,146,183,110,180,88,179,69,205,150,209,107,212,80,215,59,220,162,218,144,205,167,198,188,234,179,233,156,221,163,210,174,33.541,26.0768,19.6977,68.1542,36.3456,22.2036,19.0263,77.5242,43.1856,27.1662,21.2132,91.5478,18.1108,26.4197,22.1359,34.0588,23.0217,13.8924,15.5563,24.5153,-5.5,1.5714,0.4444,2.4231,-7.2,-7.3333,-19.0,-8.5556,10.75,9.0,7.0,9.1,-9.0,1.7692,3.0,1.1818,-23.0,0.5833,1.0,-0.2083,2
194,228,178,201,173,169,188,147,205,142,187,138,182,104,179,83,178,65,204,141,208,100,210,75,213,54,218,153,215,137,203,160,195,180,232,170,232,149,221,154,210,163,32.3883,26.6271,17.72,64.8845,34.3657,21.2132,18.0278,73.5527,41.1947,25.0799,21.2132,87.4643,16.2788,25.9422,21.5407,35.4683,21.0,12.083,14.2127,23.0868,-6.4,1.4667,0.2941,2.1852,-6.8,-7.0,-18.0,-8.1111,10.25,12.5,7.0,9.6667,-5.3333,1.9167,2.5,1.1739,0,0.4545,0.8182,-0.3182,2
191,211,176,184,170,153,182,132,199,124,183,128,177,94,174,74,173,56,198,129,202,88,204,63,207,43,213,139,210,121,198,142,191,163,226,153,227,131,215,136,204,146,31.5753,24.1868,18.7883,64.2573,34.5254,20.2237,18.0278,72.6911,41.1947,25.0799,20.2237,86.4696,18.2483,24.1868,22.1359,32.5576,22.0227,13.0,14.8661,23.0868,-5.1667,1.75,0.4706,2.6087,-5.6667,-6.6667,-18.0,-7.2,10.25,12.5,6.6667,9.5556,-6.0,1.75,3.0,1.0909,22.0,0.4167,0.9091,-0.3182,2
197,200,183,172,178,144,192,124,208,117,191,123,186,91,183,72,182,55,205,125,209,86,211,62,214,43,219,134,217,115,205,134,198,153,231,146,233,126,223,127,213,134,28.4429,24.4131,17.4642,60.4152,32.3883,19.2354,17.0294,68.593,39.2046,24.0832,19.2354,82.4924,19.105,22.4722,20.2485,28.3196,20.0998,10.0499,12.2066,21.6333,-5.6,1.4286,0.4375,2.2,-6.4,-6.3333,-17.0,-7.5556,9.75,12.0,6.3333,9.1111,-9.5,1.5833,2.7143,0.9048,10.0,0.1,0.7,-0.6667,2
196,198,182,170,177,142,190,121,207,114,190,123,185,91,183,71,182,54,204,124,208,86,210,62,213,42,217,133,216,114,204,131,195,150,229,145,232,124,222,124,212,131,28.4429,24.6982,18.3848,61.327,32.3883,20.0998,17.0294,69.4622,38.2099,24.0832,20.2237,82.4924,19.0263,20.8087,21.0238,27.8029,21.2132,10.0,12.2066,22.0227,-5.6,1.6154,0.4118,2.24,-6.4,-10.0,-17.0,-8.625,9.5,12.0,6.6667,9.1111,-19.0,1.4167,2.1111,0.7727,7.0,0.0,0.7,-0.8235,2
190,189,176,163,171,136,183,115,198,107,183,118,178,87,176,67,175,50,197,119,200,80,201,57,204,38,210,126,209,108,197,123,189,141,222,138,224,118,214,118,204,124,27.4591,24.1868,17.0,60.1664,31.4006,20.0998,17.0294,68.469,39.1152,23.0217,19.2354,81.3019,18.0278,19.2094,19.6977,25.807,20.0998,10.0,11.6619,22.8035,-5.4,1.75,0.5333,2.5455,-6.2,-10.0,-17.0,-8.5,13.0,23.0,6.3333,11.5714,-18.0,1.25,2.25,0.7143,10.0,0.0,0.6,-0.7778,2
201,186,187,159,183,130,197,110,213,104,196,114,191,83,189,63,188,46,210,115,214,77,215,53,218,34,223,123,223,104,210,121,202,140,235,135,238,114,228,114,218,121,29.2746,24.4131,17.088,60.8358,31.4006,20.0998,17.0294,68.469,38.2099,24.0208,19.2354,81.3941,19.0,21.4009,20.6155,27.0185,21.2132,10.0,12.2066,22.0227,-7.25,1.4286,0.375,2.1154,-6.2,-10.0,-17.0,-8.5,9.5,24.0,6.3333,10.125,0,1.3077,2.375,0.8095,7.0,0.0,0.7,-0.8235,2
207,164,194,138,191,112,203,94,217,87,202,98,197,70,195,52,194,36,216,98,219,64,221,42,225,25,227,106,227,89,216,104,208,121,238,118,242,99,234,95,225,98,26.1725,21.6333,15.6525,55.9464,28.4429,18.1108,16.0312,62.514,34.1321,22.0907,17.4642,73.5527,17.0,18.6011,18.7883,24.2074,19.4165,8.9443,9.4868,23.8537,-8.6667,1.5,0.5,2.2174,-5.6,-9.0,-16.0,-7.75,11.3333,11.0,4.25,8.1111,0,1.3636,2.125,0.7895,4.75,-0.5,0.3333,-1.5385,2
196,163,183,138,179,113,192,94,206,87,188,98,183,71,181,53,180,37,201,98,205,64,206,44,210,27,213,104,215,87,205,101,198,118,225,115,229,97,222,96,214,101,25.318,23.0217,15.6525,55.9464,27.4591,18.1108,16.0312,61.5224,34.2345,20.025,17.4642,71.5681,17.1172,17.2047,18.3848,20.5183,18.4391,7.0711,9.434,17.8045,-6.25,1.4615,0.5,2.2174,-5.4,-9.0,-16.0,-7.625,8.5,20.0,4.25,7.8889,8.5,1.4,2.4286,0.9333,4.5,-0.1429,0.625,-1.2727,2
162,179,147,155,144,129,157,107,170,99,144,114,141,84,140,67,141,51,157,114,159,82,162,62,165,45,170,119,173,101,167,118,164,134,180,128,184,110,179,117,175,127,26.1725,25.5539,15.2643,60.5392,30.1496,17.0294,16.0312,63.0714,32.0624,20.2237,17.2627,69.4622,18.2483,18.0278,16.2788,16.1555,18.4391,8.6023,10.7703,5.099,-8.6667,1.6923,0.6154,2.4348,-10.0,-17.0,16.0,-21.0,16.0,6.6667,5.6667,8.625,6.0,2.8333,5.3333,2.5,4.5,1.4,2.5,-0.2,2
176,179,162,156,159,130,172,109,183,99,150,113,146,84,146,66,145,51,163,112,164,82,167,62,171,47,176,118,180,106,180,119,179,131,186,126,189,112,191,116,192,121,26.1725,24.6982,14.8661,60.7454,29.2746,18.0,15.0333,62.2013,30.0167,20.2237,15.5242,65.4905,12.6491,13.0,12.0416,13.3417,14.3178,4.4721,5.099,7.8102,-8.6667,1.6154,0.9091,2.7143,-7.25,0,-15.0,-12.4,30.0,6.6667,3.75,8.125,3.0,0,12.0,-4.3333,4.6667,-2.0,-5.0,0.8333,2
189,181,177,156,174,131,187,110,198,98,162,113,159,85,160,67,160,53,176,114,178,82,181,64,184,51,189,121,194,107,195,119,196,129,198,130,202,115,203,123,204,131,25.1794,24.6982,16.2788,61.6847,28.1603,18.0278,14.0,60.0333,32.0624,18.2483,13.3417,63.5059,14.8661,12.0416,10.0499,10.6301,15.5242,8.0623,8.0623,6.0828,-8.3333,1.6154,1.0909,2.7619,-9.3333,18.0,0,-30.0,16.0,6.0,4.3333,7.875,2.8,-12.0,-10.0,-1.1429,3.75,-8.0,-8.0,-0.1667,2
192,183,180,159,178,134,191,112,203,99,166,115,164,85,165,68,165,54,179,115,181,85,184,66,188,53,191,122,198,109,199,120,200,130,201,131,206,117,208,122,210,128,25.0799,25.5539,17.6918,64.2573,30.0666,17.0294,14.0,61.0082,30.0666,19.2354,13.6015,62.6498,14.7648,11.0454,10.0499,12.0416,14.8661,5.3852,6.3246,9.4868,-12.5,1.6923,1.0833,2.6087,-15.0,17.0,0,-61.0,15.0,6.3333,3.25,6.8889,1.8571,-11.0,-10.0,-0.8889,2.8,-2.5,-3.0,0.3333,2
199,178,187,154,185,129,198,107,209,96,172,112,170,83,170,66,170,53,185,112,187,83,190,64,194,51,197,118,203,106,204,118,205,128,207,126,212,112,214,116,216,121,25.0799,25.5539,15.5563,62.0322,29.0689,17.0,13.0,59.0339,29.0689,19.2354,13.6015,61.6604,13.4164,12.0416,10.0499,12.8062,14.8661,4.4721,5.3852,10.2956,-12.5,1.6923,1.0,2.6364,-14.5,0,0,-29.5,14.5,6.3333,3.25,6.7778,2.0,-12.0,-10.0,-1.25,2.8,-2.0,-2.5,0.5556,2
153,249,135,227,129,197,144,177,161,170,139,156,132,122,128,100,126,82,157,156,164,117,167,92,170,71,172,168,176,146,169,166,165,185,185,186,190,164,184,172,178,184,30.5941,25.0,18.3848,62.6498,34.7131,22.3607,18.1108,75.1332,39.6232,25.1794,21.2132,85.9884,22.3607,21.1896,19.4165,18.3848,22.561,10.0,13.4164,7.2801,-5.0,1.3333,0.4118,2.1923,-4.8571,-5.5,-9.0,-5.6923,5.5714,8.3333,7.0,6.5385,5.5,2.8571,4.75,2.4286,4.4,1.3333,2.0,-0.2857,2
154,240,137,213,130,186,144,162,162,157,138,145,130,108,127,88,125,70,155,145,161,105,164,81,169,59,170,156,177,132,167,154,161,171,182,174,187,153,178,163,171,176,27.8927,27.7849,18.6815,61.327,37.855,20.2237,18.1108,76.1183,40.4475,24.1868,22.561,87.1321,25.0,24.1661,18.0278,17.4929,21.587,13.4536,14.7648,11.1803,-3.8571,1.7143,0.2778,2.24,-4.625,-6.6667,-9.0,-5.7692,6.6667,8.0,4.4,6.1429,3.4286,2.2,2.8333,1.6667,4.2,1.1111,1.8571,0.1818,2
155,246,138,218,132,190,146,167,164,162,140,151,134,114,130,93,129,75,158,152,165,110,169,87,175,66,172,163,178,139,168,161,162,179,184,182,189,160,180,169,173,182,28.6356,26.9258,18.6815,61.7414,37.4833,21.3776,18.0278,76.7919,42.5793,23.3452,21.8403,87.6641,24.7386,24.1661,18.9737,18.868,22.561,12.7279,14.7648,11.0,-4.6667,1.6429,0.2778,2.1538,-6.1667,-5.25,-18.0,-6.9091,6.0,5.75,3.5,5.0588,4.0,2.2,3.0,1.6,4.4,1.0,1.8571,0.0,2
159,254,141,226,135,199,148,175,167,169,144,158,137,120,134,100,133,81,161,159,168,119,172,96,178,76,175,170,181,146,171,169,164,186,187,189,192,166,183,176,176,189,27.6586,27.2947,19.9249,62.6498,38.6394,20.2237,19.0263,77.7817,40.6079,23.3452,20.8806,84.7231,24.7386,25.0799,18.3848,19.4165,23.5372,13.4536,14.7648,11.0,-4.5,1.8462,0.3158,2.1923,-5.4286,-6.6667,-19.0,-7.0,5.7143,5.75,3.3333,4.8824,4.0,2.3,2.4286,1.4545,4.6,1.1111,1.8571,0.0,2
165,254,149,225,143,199,157,177,174,170,150,162,145,126,142,106,141,87,167,162,173,123,176,100,181,79,181,173,187,148,177,169,171,187,193,190,198,166,190,175,183,188,26.6833,26.0768,18.3848,60.4152,36.3456,20.2237,19.0263,75.5381,39.4588,23.1948,21.587,84.1724,25.7099,23.2594,18.9737,17.2047,24.5153,12.0416,14.7648,10.198,-4.3333,1.5714,0.4118,2.2,-7.2,-6.6667,-19.0,-8.3333,6.5,7.6667,4.2,5.9286,4.1667,2.1,3.0,1.4,4.8,1.125,1.8571,-0.2,2
183,234,167,206,162,180,176,159,192,150,166,150,161,117,158,98,158,82,182,150,187,114,190,92,194,74,196,159,200,139,191,157,185,173,208,173,212,152,204,158,197,168,26.4764,25.2389,18.3576,61.327,33.3766,19.2354,16.0,68.469,36.3456,22.2036,18.4391,76.9415,20.3961,20.1246,17.088,17.8045,21.3776,10.0,12.2066,12.083,-5.2,1.5,0.5625,2.24,-6.6,-6.3333,0,-8.5,7.2,7.3333,4.5,6.3333,5.0,2.0,2.6667,1.2727,5.25,0.75,1.4286,-0.4545,2
186,228,171,201,167,173,181,152,196,144,171,147,166,115,164,96,163,79,186,148,192,111,194,90,198,72,200,157,203,138,194,155,189,172,213,170,217,149,209,154,202,163,28.2843,25.2389,17.0,62.2415,32.3883,19.105,17.0294,68.469,37.4833,21.095,18.4391,76.9415,19.2354,19.2354,17.72,18.6011,21.3776,9.434,11.4018,13.0384,-7.0,1.5,0.5333,2.28,-6.4,-9.5,-17.0,-8.5,6.1667,10.5,4.5,6.3333,6.3333,1.8889,3.4,1.3636,5.25,0.625,1.2857,-0.6364,2
194,226,178,199,175,171,189,151,205,143,178,148,173,116,171,96,170,79,194,149,199,113,201,91,205,74,207,158,210,140,201,156,196,172,220,170,225,149,217,153,210,162,28.1603,24.4131,17.8885,62.1691,32.3883,20.0998,17.0294,69.4622,36.3456,22.0907,17.4642,75.8024,18.2483,18.3576,16.7631,17.8045,21.587,8.9443,11.4018,12.8062,-9.3333,1.4286,0.5,2.0741,-6.4,-10.0,-17.0,-8.625,7.2,11.0,4.25,6.8182,6.0,1.7778,3.2,1.2727,4.2,0.5,1.2857,-0.8,2
201,227,186,199,183,171,198,150,214,144,186,149,181,117,179,98,178,81,202,150,207,114,209,93,214,75,216,159,219,142,210,157,204,172,228,172,232,152,224,155,217,164,28.1603,25.807,17.088,61.7171,32.3883,19.105,17.0294,68.469,36.3456,21.095,18.6815,75.9539,17.2627,17.4929,16.1555,17.6918,20.3961,8.544,11.4018,13.6015,-9.3333,1.4,0.375,1.9643,-6.4,-9.5,-17.0,-8.5,7.2,10.5,3.6,6.25,5.6667,1.6667,2.5,1.0833,5.0,0.375,1.2857,-0.7273,2
210,232,196,204,192,175,207,154,223,145,194,153,190,121,188,101,187,84,210,154,216,117,219,96,224,78,224,163,228,147,219,162,215,177,237,176,242,157,235,160,229,168,29.2746,25.807,18.3576,64.8845,32.249,20.0998,17.0294,69.3542,37.4833,21.2132,18.6815,77.2787,16.4924,17.4929,15.5242,16.6433,19.6469,7.6158,10.0,11.3137,-7.25,1.4,0.5625,2.1852,-8.0,-10.0,-17.0,-9.8571,6.1667,7.0,3.6,5.4286,4.0,1.6667,3.75,1.5556,3.8,0.4286,1.3333,-1.0,2
211,229,198,202,195,172,212,151,229,143,199,150,194,118,192,99,191,82,215,151,220,116,223,95,228,78,229,160,232,144,223,162,218,179,241,174,247,153,239,156,232,166,30.1496,27.0185,18.7883,66.6483,32.3883,19.105,17.0294,68.469,35.3553,21.2132,17.72,74.1485,16.2788,20.1246,17.72,21.9545,21.8403,8.544,12.2066,12.0416,-10.0,1.2353,0.4706,1.9032,-6.4,-9.5,-17.0,-8.5,7.0,7.0,3.4,5.6154,5.3333,2.0,3.4,1.7273,3.5,0.375,1.4286,-0.8889,2
209,212,194,186,191,157,206,137,222,129,195,136,189,107,187,88,186,72,210,137,215,104,218,83,222,67,224,146,226,131,216,146,211,161,236,160,240,142,233,143,227,149,29.1548,25.0,17.8885,63.5059,29.6142,19.105,16.0312,64.6297,33.3766,21.2132,16.4924,71.0211,15.1327,18.0278,15.8114,19.8494,18.4391,7.0711,8.4853,14.2127,-9.6667,1.3333,0.5,2.0357,-4.8333,-9.5,-16.0,-7.1111,6.6,7.0,4.0,5.8333,7.5,1.5,3.0,1.1538,4.5,0.1429,1.0,-1.2222,2
199,205,184,179,181,151,195,130,211,121,186,130,181,99,178,80,178,62,201,130,206,96,209,76,212,58,215,138,218,117,207,135,201,152,228,151,232,131,223,134,215,144,28.1603,25.2389,18.3576,63.9766,31.4006,19.2354,18.0,68.469,34.3657,20.2237,18.2483,72.8354,21.2132,21.095,18.0278,19.799,20.3961,9.4868,12.8062,14.7648,-9.3333,1.5,0.5625,2.1481,-6.2,-6.3333,0,-8.5,6.8,6.6667,6.0,6.5455,7.0,1.6364,2.8333,1.0,5.0,0.3333,1.25,-0.5385,2
191,206,175,178,172,151,185,129,199,117,178,133,174,104,173,86,175,69,192,132,196,99,197,80,199,62,205,139,209,112,199,125,193,140,218,150,221,128,212,130,204,139,27.1662,25.5539,18.4391,65.5515,29.2746,18.0278,17.1172,64.0703,33.2415,19.0263,18.1108,70.3491,27.2947,16.4012,16.1555,12.0416,22.2036,9.2195,12.0416,17.8045,-9.0,1.6923,0.8571,2.5417,-7.25,-18.0,8.5,-21.3333,8.25,19.0,9.0,10.0,6.75,1.3,2.5,0.0833,7.3333,0.2222,1.125,-0.7857,2
193,210,178,181,174,155,187,133,201,119,179,138,173,109,170,90,170,73,193,137,197,103,198,83,200,66,207,143,211,116,201,127,195,141,220,154,223,132,214,133,206,142,26.3059,25.5539,19.799,66.1287,29.6142,19.2354,17.0,65.6201,34.2345,20.025,17.1172,71.3442,27.2947,14.8661,15.2315,12.1655,22.2036,9.0554,12.0416,18.4391,-6.5,1.6923,1.0,2.6957,-4.8333,-6.3333,0,-7.2222,8.5,20.0,8.5,10.1429,6.75,1.1,2.3333,-0.1667,7.3333,0.1111,1.125,-0.8571,2
165,232,148,207,141,181,151,156,165,143,146,161,137,133,132,115,129,100,160,158,161,123,160,104,160,87,173,162,174,137,165,153,161,170,186,172,188,151,178,156,170,168,26.9258,26.9258,19.105,66.2193,29.4109,18.6815,15.2971,63.3246,35.0143,19.0263,17.0,71.0,25.02,18.3576,17.4642,14.4222,21.095,11.1803,14.4222,16.4924,-3.7143,2.5,0.9286,3.7647,-3.1111,-3.6,-5.0,-3.5882,35.0,-19.0,0,0,25.0,1.7778,4.25,0.6667,10.5,0.5,1.5,-0.25,2
151,237,134,215,126,188,136,163,150,150,132,165,122,138,117,121,113,106,146,163,146,129,144,110,142,95,159,167,157,143,150,160,146,178,172,177,173,154,164,160,156,172,28.1603,26.9258,19.105,66.9403,28.7924,17.72,15.5242,61.9839,34.0,19.105,15.1327,68.1175,24.0832,18.3848,18.4391,17.0294,23.0217,10.8167,14.4222,16.7631,-3.375,2.5,0.9286,4.0625,-2.7,-3.4,-3.75,-3.1053,0,-9.5,-7.5,-17.0,-12.0,2.4286,4.5,0.8462,23.0,0.6667,1.5,-0.3125,2
147,241,129,219,121,192,131,166,144,151,127,168,117,139,111,122,108,106,142,165,142,130,140,111,139,95,155,169,154,144,146,164,142,183,168,178,167,156,158,163,151,176,28.1603,27.8568,19.8494,69.6348,30.6757,18.0278,16.2788,64.846,35.0,19.105,16.0312,70.0643,25.02,21.5407,19.4165,19.105,22.0227,11.4018,14.7648,17.1172,-3.375,2.6,1.1538,4.5333,-2.9,-2.8333,-5.3333,-3.2632,0,-9.5,-16.0,-23.3333,-25.0,2.5,4.75,1.0769,-22.0,0.7778,1.8571,-0.1176,2
140,244,122,223,114,195,123,169,137,155,120,167,110,139,105,122,101,107,134,165,135,130,133,111,130,96,148,170,146,147,138,167,134,186,162,179,161,159,151,166,143,178,29.1204,27.5136,19.799,69.6348,29.7321,17.72,15.5242,62.9365,35.0143,19.105,15.2971,69.1158,23.0868,21.5407,19.4165,21.2603,20.025,12.2066,14.4222,19.0263,-3.5,2.8889,1.0,4.5333,-2.8,-3.4,-3.75,-3.1579,35.0,-9.5,-5.0,-17.25,-11.5,2.5,4.75,1.1429,-20.0,0.7,1.5,-0.0526,2
79,277,59,255,49,227,61,201,77,189,62,185,53,152,49,132,45,115,79,183,84,146,82,124,79,106,95,193,93,173,82,197,76,217,109,210,109,188,96,201,86,216,29.7321,28.6356,20.0,68.4105,34.2053,20.3961,17.4642,72.0347,37.3363,22.0907,18.2483,77.0,20.0998,26.4008,20.8806,30.6105,22.0,18.3848,18.0278,23.7697,-2.8,2.1667,0.75,3.6667,-3.6667,-5.0,-4.25,-4.1176,7.4,-11.0,-6.0,0,-10.0,2.1818,3.3333,1.2632,0,1.0,1.5,0.2609,2
69,273,48,252,36,223,45,198,59,183,51,178,43,146,39,126,35,109,68,178,73,139,71,115,70,95,83,188,80,166,70,189,64,209,97,205,95,184,84,196,75,210,31.3847,26.5707,20.5183,69.8713,32.9848,20.3961,17.4642,70.8308,39.3192,24.0832,20.025,83.0241,22.2036,25.0799,20.8806,28.3196,21.095,16.2788,16.6433,22.561,-2.4167,2.7778,1.0714,6.2727,-4.0,-5.0,-4.25,-4.3125,7.8,-12.0,-20.0,41.5,-7.3333,2.3,3.3333,1.1053,-10.5,1.0909,1.5556,0.2273,2
54,251,34,231,25,200,34,175,49,161,41,160,35,125,33,105,31,88,58,161,65,121,64,98,62,82,73,171,69,149,58,172,52,192,86,187,83,167,71,179,62,194,32.28,26.5707,20.5183,71.5891,35.5106,20.0998,17.1172,72.6911,40.6079,23.0217,16.1245,79.1012,22.3607,25.4951,20.8806,29.6985,20.2237,16.9706,17.4929,25.0,-3.4444,2.7778,0.9333,4.6667,-5.8333,-10.0,-8.5,-7.2,5.7143,-23.0,-8.0,19.75,-5.5,2.0909,3.3333,1.0,-6.6667,1.0,1.6667,0.2917,2
51,214,29,193,18,159,29,129,48,115,36,124,29,88,27,68,24,50,54,124,60,80,58,56,56,38,70,133,64,106,53,132,47,155,85,148,79,124,67,139,58,156,35.7351,31.9531,23.6008,80.2808,36.6742,20.0998,18.2483,74.9667,44.4072,24.0832,18.1108,86.0233,27.6586,28.2312,23.7697,31.8277,24.7386,19.2094,19.2354,28.1603,-3.0909,2.7273,0.7368,4.1053,-5.1429,-10.0,-6.0,-6.1667,7.3333,-12.0,-9.0,43.0,-4.5,2.3636,3.8333,0.9565,-4.0,1.25,1.8889,0.2963,2
53,207,31,187,20,152,32,121,50,107,36,121,28,87,23,67,20,50,54,120,58,77,56,53,54,34,70,127,64,101,54,128,49,151,85,140,80,116,68,130,59,147,36.6879,33.2415,22.8035,82.2253,34.9285,20.6155,17.2627,72.7805,43.1856,24.0832,19.105,86.0,26.6833,28.7924,23.5372,31.8904,24.5153,18.4391,19.2354,26.9258,-3.1818,2.5833,0.7778,4.2105,-4.25,-4.0,-5.6667,-4.4375,10.75,-12.0,-9.5,0,-4.3333,2.7,4.6,1.1429,-4.8,1.1667,1.8889,0.2692,2
63,210,39,184,30,153,41,122,59,105,44,124,37,89,33,70,29,54,61,121,65,74,65,49,66,28,76,128,76,97,63,120,56,142,91,140,91,111,79,118,67,132,32.28,32.8938,24.7588,81.4923,35.6931,19.4165,16.4924,71.5891,47.1699,25.0,21.0238,93.1343,31.0,26.4197,23.0868,24.4131,29.0,13.8924,18.4391,25.2982,-3.4444,2.8182,0.9444,3.95,-5.0,-4.75,-4.0,-4.6667,11.75,0,21.0,18.6,0,1.7692,3.1429,0.7,0,0.5833,1.1667,-0.3333,2
73,209,49,182,40,151,52,120,69,103,50,127,41,90,36,71,33,54,67,123,72,77,72,53,74,30,82,128,84,94,73,113,66,133,96,139,99,112,89,117,80,129,32.28,33.2415,24.0416,81.4923,38.0789,19.6469,17.2627,74.9533,46.2709,24.0,23.0868,93.2631,34.0588,21.9545,21.1896,16.7631,27.1662,11.1803,15.0,18.868,-3.4444,2.5833,1.0,3.95,-4.1111,-3.8,-5.6667,-4.2941,9.2,0,11.5,13.2857,17.0,1.7273,2.8571,0.3125,9.0,0.5,1.3333,-0.625,2
77,211,55,184,47,153,61,122,80,109,57,127,45,92,40,72,36,54,74,124,78,79,78,55,80,33,89,129,91,98,79,119,73,141,103,140,105,113,95,119,87,133,32.0156,34.0147,23.0217,79.0569,37.0,20.6155,18.4391,75.9605,45.1774,24.0,22.0907,91.1976,31.0644,24.1868,22.8035,20.0,27.074,11.6619,16.1245,17.4642,-3.875,2.2143,0.6842,3.0,-2.9167,-4.0,-4.5,-3.4762,11.25,0,11.0,15.1667,15.5,1.75,3.6667,0.75,13.5,0.6,1.75,-0.4375,2
109,228,90,198,85,164,102,138,119,124,89,138,82,103,79,81,76,62,106,136,111,95,113,71,116,52,121,145,124,122,115,143,111,162,135,158,140,134,133,139,126,149,34.3657,31.0644,22.0227,79.4796,35.6931,22.2036,19.2354,77.1038,41.3038,24.0832,19.2354,84.5931,23.1948,22.8473,19.4165,19.7231,24.5153,8.6023,12.2066,12.7279,-6.8,1.5294,0.8235,2.5517,-5.0,-7.3333,-6.3333,-5.8462,8.2,12.0,6.3333,8.4,7.6667,2.3333,4.75,1.7,4.8,0.7143,1.4286,-1.0,2
137,255,115,227,110,189,127,158,143,140,111,160,105,129,104,109,104,90,129,158,130,122,129,104,128,88,146,164,146,139,139,165,136,187,162,175,161,150,153,168,149,186,38.3275,35.3553,24.0832,91.3947,31.5753,20.025,19.0,70.3491,36.0139,18.0278,16.0312,70.0071,25.0,26.9258,22.2036,25.0799,25.02,19.6977,18.4391,17.0294,-7.6,1.8235,1.125,3.1071,-5.1667,-20.0,0,-10.0,36.0,-18.0,-16.0,-70.0,0,3.7143,7.3333,2.3,-25.0,2.25,4.5,0.8462,2
137,254,116,226,111,189,127,159,143,142,111,160,105,131,105,114,106,98,129,156,131,121,129,103,129,88,146,161,147,139,140,166,137,187,162,172,161,149,155,168,152,186,37.3363,34.0,23.3452,88.2326,29.6142,17.0,16.0312,62.2013,35.0571,18.1108,15.0,68.0,22.0227,27.8927,21.2132,27.5136,23.0217,19.9249,18.2483,17.2047,-7.4,1.875,1.0625,3.1111,-4.8333,0,16.0,-12.4,17.5,-9.0,0,0,22.0,3.8571,7.0,2.8889,-23.0,3.1667,6.0,1.4,2
137,251,117,223,111,187,127,157,143,139,111,159,105,130,105,112,106,96,129,155,131,120,129,101,129,86,146,160,147,138,140,163,137,183,162,172,162,148,155,165,151,183,36.4966,34.0,24.0832,87.9318,29.6142,18.0,16.0312,63.1981,35.0571,19.105,15.0,69.0,22.0227,25.9615,20.2237,24.6982,24.0,18.3848,18.4391,15.5563,-6.0,1.875,1.125,3.2308,-4.8333,0,16.0,-12.6,17.5,-9.5,0,0,22.0,3.5714,6.6667,2.5556,0,2.4286,4.5,1.0,2
141,236,119,207,114,169,130,140,146,123,114,145,107,117,106,98,107,80,132,141,132,108,131,89,132,71,149,147,150,122,142,149,139,169,165,158,164,134,156,149,152,166,38.3275,33.121,23.3452,88.2326,28.8617,19.0263,18.0278,65.3758,33.0,19.0263,18.0278,70.0,25.02,28.1603,20.2237,24.1661,24.0208,17.0,17.4642,15.2643,-7.6,1.8125,1.0625,3.1111,-4.0,-19.0,18.0,-9.2857,0,-19.0,18.0,0,25.0,3.375,6.6667,2.2,-24.0,1.875,4.25,0.6154,2
161,243,142,213,138,173,156,143,174,128,136,153,124,122,116,103,110,86,154,148,158,105,160,78,165,56,170,154,175,129,167,152,164,172,185,166,190,138,183,148,178,162,40.1995,34.9857,23.4307,90.824,33.2415,20.6155,18.0278,71.8679,43.1856,27.074,22.561,92.6553,25.4951,24.3516,20.2237,18.9737,28.4429,12.2066,14.8661,8.0623,-10.0,1.6667,0.8333,2.6562,-2.5833,-2.375,-2.8333,-2.5769,10.75,13.5,4.4,8.3636,5.0,2.875,6.6667,3.0,5.6,1.4286,2.8,-0.5714,2
167,246,149,218,145,178,164,148,181,133,142,153,130,121,123,101,118,84,160,149,165,106,169,80,175,58,176,157,183,132,177,156,174,175,191,170,196,145,191,156,189,169,40.1995,35.5106,22.6716,90.824,34.176,21.1896,17.72,73.0548,43.2897,26.3059,22.8035,92.228,25.9615,24.7386,19.2354,18.1108,25.4951,12.083,13.1529,2.2361,-10.0,1.5789,0.8824,2.6562,-2.6667,-2.8571,-3.4,-2.875,8.6,6.5,3.6667,6.0667,3.5714,4.0,6.3333,9.0,5.0,2.2,6.5,-0.5,2
167,248,149,219,146,179,165,150,183,136,143,153,132,121,125,102,121,86,161,150,167,107,172,81,179,58,177,158,184,135,177,158,173,176,193,172,198,148,193,159,190,171,40.1123,34.6699,22.8035,89.6939,33.8378,20.2485,16.4924,70.5195,43.4166,26.4764,24.0416,93.7443,24.0416,24.0416,18.4391,18.4391,24.5153,12.083,12.3693,3.1623,-13.3333,1.5263,0.7778,2.4412,-2.9091,-2.7143,-4.0,-3.0455,7.1667,5.2,3.2857,5.1111,3.2857,3.2857,4.5,4.5,4.8,2.2,4.0,-0.3333,2
168,241,151,213,149,172,170,146,189,134,149,144,143,114,140,97,137,81,167,143,177,102,184,78,194,58,183,153,191,136,182,161,177,180,197,168,206,146,202,153,198,161,41.0488,33.4215,22.4722,87.6641,30.5941,17.2627,16.2788,64.1327,42.2019,25.0,22.3607,89.1852,18.7883,26.5707,19.6469,27.6586,23.7697,8.0623,8.9443,7.0711,-20.5,1.2381,0.6316,2.0789,-5.0,-5.6667,-5.3333,-5.25,4.1,3.4286,2.0,3.1481,2.125,2.7778,3.8,4.5,2.4444,1.75,2.0,7.0,2
179,243,166,209,168,169,188,146,209,140,181,143,182,110,184,93,187,77,198,148,210,108,218,86,228,67,212,162,218,137,202,158,192,180,224,180,233,156,225,153,217,155,40.05,30.4795,21.8403,81.3019,33.0151,17.1172,16.2788,66.2722,41.7612,23.4094,21.4709,86.3771,25.7099,26.4008,24.1661,26.9072,25.632,8.544,8.2462,25.9615,20.0,1.15,0.2857,1.6047,33.0,8.5,5.3333,11.0,3.3333,2.75,1.9,2.7,4.1667,1.3125,2.2,0.9,2.6667,-0.375,0.25,-3.5714,2
181,244,166,210,168,169,188,145,209,139,180,145,181,112,183,94,186,78,197,149,209,111,217,88,226,68,211,162,218,136,203,156,192,178,225,180,233,157,226,153,218,155,41.0488,31.241,21.8403,83.006,33.0151,18.1108,16.2788,67.2681,39.8497,24.3516,21.9317,86.0349,26.9258,25.0,24.5967,24.8395,24.3516,8.0623,8.2462,25.9615,20.5,1.2,0.2857,1.6512,33.0,9.0,5.3333,11.1667,3.1667,2.875,2.2222,2.7931,3.7143,1.3333,2.0,0.8421,2.875,-0.5714,0.25,-3.5714,2
181,244,169,210,171,170,190,146,212,141,183,144,184,111,186,93,188,78,200,149,214,110,222,86,232,67,214,163,221,139,206,160,195,181,227,182,236,160,230,154,223,155,40.05,30.6105,22.561,81.3019,33.0151,18.1108,15.1327,66.1891,41.4367,25.2982,21.4709,88.0227,25.0,25.807,23.7065,26.1725,23.7697,8.4853,7.0711,27.2947,20.0,1.2632,0.2273,1.6047,33.0,9.0,7.5,13.2,2.7857,3.0,1.9,2.5625,3.4286,1.4,1.9091,0.9474,2.4444,-1.0,0.1429,-6.75,2
183,242,169,210,170,169,191,145,212,140,183,145,184,112,185,94,188,78,200,149,213,110,222,87,231,68,215,162,221,137,206,157,196,178,227,180,235,160,229,155,222,156,41.0122,31.8904,21.587,82.1523,33.0151,18.0278,16.2788,67.1863,41.1096,24.6982,21.0238,86.7295,25.7099,25.0,23.2594,24.8395,21.5407,7.8102,7.0711,24.5153,41.0,1.1429,0.2381,1.6279,33.0,18.0,5.3333,13.4,3.0,2.5556,2.1111,2.6129,4.1667,1.3333,2.1,0.8421,2.5,-0.8333,0.1429,-4.8,2
183,243,170,209,172,168,193,147,215,143,185,144,186,111,187,92,189,77,202,150,217,110,226,87,236,67,216,164,223,140,208,160,198,181,228,183,238,159,231,156,224,159,41.0488,29.6985,22.3607,79.8812,33.0151,19.0263,15.1327,67.1193,42.72,24.6982,22.3607,89.6939,25.0,25.0,23.2594,24.7588,26.0,7.6158,7.6158,24.3311,20.5,1.0,0.1818,1.4667,33.0,19.0,7.5,16.75,2.6667,2.5556,2.0,2.4412,3.4286,1.3333,2.1,0.9444,2.4,-0.4286,0.4286,-6.0,2
183,242,170,209,172,169,193,146,215,142,185,145,186,111,187,92,189,77,202,149,216,111,225,87,235,67,216,163,223,140,208,160,197,181,229,181,238,160,232,156,224,158,40.05,31.1448,22.3607,80.7094,34.0147,19.0263,15.1327,68.1175,40.4969,25.632,22.3607,88.3912,24.0416,25.0,23.7065,26.1725,22.8473,7.2111,8.2462,23.5372,20.0,1.0952,0.1818,1.4889,34.0,19.0,7.5,17.0,2.7143,2.6667,2.0,2.4848,3.2857,1.3333,1.9091,0.9474,2.3333,-0.6667,0.25,-4.6,2
184,243,172,210,174,169,196,147,218,143,186,144,186,110,187,92,188,76,204,149,218,111,228,87,239,67,217,163,225,140,209,162,199,183,230,183,239,161,233,158,225,160,41.0488,31.1127,22.3607,81.2712,34.0,18.0278,16.0312,68.0294,40.4969,26.0,22.8254,89.1572,24.3516,27.2029,23.2594,26.9072,23.7697,6.7082,8.2462,23.5372,20.5,1.0,0.1818,1.4565,0,18.0,16.0,34.0,2.7143,2.4,1.8182,2.3429,2.875,1.375,2.1,1.1111,2.4444,-0.5,0.25,-4.6,2
185,242,172,210,174,169,196,147,217,143,186,143,186,110,186,92,188,76,204,147,218,110,228,86,239,66,218,162,225,140,210,161,199,182,231,181,240,161,233,158,226,159,41.0488,31.1127,21.3776,80.7094,33.0,18.0,16.1245,67.0298,39.5601,26.0,22.8254,88.2383,23.0868,25.807,23.7065,27.5862,21.9317,7.6158,7.0711,22.561,20.5,1.0,0.1905,1.4889,0,0,8.0,33.5,2.6429,2.4,1.8182,2.3143,3.1429,1.4,1.9091,1.0526,2.2222,-0.4286,0.1429,-4.4,2
185,242,172,209,174,168,196,147,219,144,186,143,185,109,184,89,185,72,204,148,219,109,230,84,242,63,219,163,225,143,210,165,200,187,231,183,241,162,234,159,227,161,41.0488,30.4138,23.1948,80.2122,34.0147,20.025,17.0294,71.007,41.7852,27.313,24.1868,93.1075,20.8806,26.6271,24.1661,30.6105,23.2594,7.6158,7.2801,22.3607,20.5,0.9545,0.1304,1.383,-34.0,-20.0,17.0,-71.0,2.6,2.2727,1.75,2.2368,3.3333,1.4667,2.2,1.2632,2.1,-0.4286,0.2857,-5.5,2
185,242,172,209,174,168,196,147,219,145,185,143,184,108,184,89,185,72,204,148,219,108,230,84,242,63,218,163,226,142,210,165,200,186,231,182,240,161,234,159,227,161,41.0488,30.4138,23.0868,79.404,35.0143,19.0,17.0294,71.0,42.72,26.4008,24.1868,93.1075,22.4722,28.0179,23.2594,29.2062,22.8473,6.3246,7.2801,21.3776,20.5,0.9545,0.087,1.3617,-35.0,0,17.0,0,2.6667,2.1818,1.75,2.2368,2.625,1.4375,2.1,1.2778,2.3333,-0.3333,0.2857,-5.25,2
184,245,169,211,170,172,192,151,213,143,181,141,188,102,193,78,197,58,199,147,208,105,212,77,217,54,214,161,221,141,209,160,200,178,227,181,236,161,232,156,227,154,39.0128,30.4138,22.4722,80.9938,39.6232,24.5153,20.3961,84.5281,42.9535,28.2843,23.5372,94.7259,21.1896,22.4722,20.1246,22.0227,21.9317,6.4031,5.3852,27.0,39.0,0.9545,0.381,1.5455,5.5714,4.8,5.0,5.1875,4.6667,7.0,4.6,5.1667,2.8571,1.5833,2.0,1.2143,2.2222,-1.25,-0.4,0,2
182,246,167,210,169,170,191,147,211,135,174,141,182,106,190,83,199,61,191,144,195,104,197,80,200,59,207,156,215,135,205,156,198,174,222,174,229,153,223,156,216,162,40.05,31.8277,23.3238,86.954,35.9026,24.3516,23.7697,83.8153,40.1995,24.0832,21.2132,85.4751,22.4722,23.2594,19.3132,20.1246,22.1359,6.7082,9.2195,13.4164,20.0,1.0455,0.6,1.7045,4.375,2.875,2.4444,3.2,10.0,12.0,7.0,9.4444,2.625,2.1,2.5714,2.0,3.0,0.5,0.8571,-2.0,2
181,246,166,209,168,169,192,145,212,134,173,143,181,107,189,85,197,64,191,145,195,106,197,80,201,58,206,157,215,133,206,153,198,172,221,175,229,151,224,152,218,156,40.05,33.9411,22.8254,87.983,36.8782,23.4094,22.4722,82.5651,39.2046,26.0768,22.3607,87.5728,25.632,21.9317,20.6155,17.0,25.2982,5.099,7.2111,19.2354,20.0,1.0,0.55,1.6304,4.5,2.75,2.625,3.2917,9.75,13.0,5.5,8.7,2.6667,2.2222,2.375,1.875,3.0,0.2,0.6667,-6.3333,2
178,247,163,213,163,174,183,147,201,134,166,144,172,107,179,82,185,60,184,146,188,117,188,113,189,109,199,154,205,134,198,153,193,171,213,166,219,143,214,148,209,158,39.0,33.6006,22.2036,87.6641,37.4833,25.9615,22.8035,86.122,29.2746,4.0,4.1231,37.3363,20.8806,20.2485,18.6815,18.0278,23.7697,7.0711,11.1803,8.9443,0,1.35,0.7222,2.0789,6.1667,3.5714,3.6667,4.4211,7.25,0,4.0,7.4,3.3333,2.7143,3.6,2.8333,3.8333,1.0,2.0,-2.0,2
178,245,163,210,165,171,185,144,204,133,166,142,173,104,179,80,185,59,184,147,192,121,191,138,189,152,200,156,208,135,199,152,194,169,214,169,220,145,213,150,207,160,39.0512,33.6006,21.9545,87.2353,38.6394,24.7386,21.8403,85.1469,27.2029,17.0294,14.1421,7.0711,22.4722,19.2354,17.72,14.3178,24.7386,8.6023,11.6619,11.4018,19.5,1.35,0.5789,1.878,5.4286,4.0,3.5,4.3684,3.25,17.0,7.0,-1.0,2.625,1.8889,3.4,2.1667,4.0,0.7143,1.6667,-1.2857,2
170,243,154,213,155,176,173,149,189,131,156,143,161,108,166,84,172,63,173,142,173,105,172,81,174,60,188,148,195,127,189,149,184,170,203,161,208,137,204,143,200,153,37.0135,32.45,24.0832,89.1572,35.3553,24.5153,21.8403,81.5843,37.0,24.0208,21.095,82.0061,22.1359,22.8035,21.587,22.3607,24.5153,7.2111,10.7703,8.544,37.0,1.5,1.125,2.3429,7.0,4.8,3.5,5.0,0,-24.0,10.5,82.0,3.0,3.6667,4.2,5.5,4.8,1.5,2.5,-2.6667,2
170,244,154,212,155,175,173,147,190,132,156,143,161,108,167,84,172,64,173,143,173,106,172,82,174,61,189,151,195,128,188,147,183,166,204,166,209,140,206,140,201,146,37.0135,33.2866,22.6716,87.7268,35.3553,24.7386,20.6155,80.604,37.0,24.0208,21.095,82.0061,23.7697,20.2485,19.6469,16.1555,26.4764,3.0,7.8102,20.2237,37.0,1.5556,0.8824,2.2222,7.0,4.0,4.0,4.9375,0,-24.0,10.5,82.0,3.8333,2.7143,3.8,2.5,5.2,0.0,1.2,-6.6667,2
157,243,141,213,141,177,157,148,170,127,140,143,138,102,137,76,138,54,157,142,159,101,158,76,159,56,173,150,178,124,173,142,169,161,188,163,194,137,191,134,187,138,36.0,33.121,24.6982,90.7579,41.0488,26.0192,22.0227,89.0225,41.0488,25.02,20.025,86.0233,26.4764,18.6815,19.4165,11.7047,26.6833,4.2426,5.6569,25.02,0,1.8125,1.6154,2.9655,-20.5,-26.0,22.0,-44.5,20.5,-25.0,20.0,43.0,5.2,3.6,4.75,2.75,4.3333,-1.0,1.0,-25.0,2
153,242,135,212,134,177,150,149,164,128,135,142,131,101,129,75,128,53,152,141,153,100,152,76,153,56,168,149,172,124,166,141,163,158,183,163,189,135,186,133,183,137,35.0143,32.249,25.2389,88.8651,41.1947,26.0768,22.0227,89.2749,41.0122,24.0208,20.025,85.0059,25.318,18.0278,17.2627,10.2956,28.6356,3.6056,5.0,26.0,-35.0,1.75,1.5,2.8966,-10.25,-13.0,-22.0,-12.7143,41.0,-24.0,20.0,85.0,6.25,2.8333,5.6667,1.8,4.6667,-0.6667,1.3333,0,2
154,242,137,212,135,176,151,148,165,127,135,141,131,101,129,76,128,55,152,140,154,100,153,76,154,56,168,148,172,123,168,140,166,158,183,162,188,137,188,131,187,129,36.0555,32.249,25.2389,89.493,40.1995,25.0799,21.0238,86.2844,40.05,24.0208,20.025,84.0238,25.318,17.4642,18.1108,10.198,25.4951,6.0,2.2361,33.2415,-18.0,1.75,1.5,3.0357,-10.0,-12.5,-21.0,-12.2857,20.0,-24.0,20.0,42.0,6.25,4.25,9.0,5.0,5.0,0,-2.0,8.25,2
149,244,131,214,130,178,147,149,160,128,131,143,127,102,123,77,121,55,149,142,151,101,150,76,151,56,164,151,168,122,162,134,159,151,179,164,184,135,181,129,178,131,36.0139,33.6155,24.6982,90.7579,41.1947,25.318,22.0907,88.5664,41.0488,25.02,20.025,86.0233,29.2746,13.4164,17.2627,5.0,29.4279,6.7082,3.6056,33.0151,-36.0,1.7059,1.6154,2.9655,-10.25,-6.25,-11.0,-8.8,20.5,-25.0,20.0,43.0,7.25,2.0,5.6667,0.0,5.8,-2.0,0.6667,-33.0,2
149,244,131,214,130,177,147,148,160,127,131,142,126,103,123,78,121,56,149,140,151,100,150,76,152,57,165,148,168,121,162,141,159,159,180,161,184,132,181,130,177,133,37.0135,33.6155,24.6982,91.7061,39.3192,25.1794,22.0907,86.5794,40.05,24.0208,19.105,83.0542,27.1662,20.8806,18.2483,12.53,29.2746,3.6056,5.0,28.1603,-37.0,1.7059,1.6154,3.0,-7.8,-8.3333,-11.0,-8.6,20.0,-24.0,9.5,27.6667,9.0,3.3333,6.0,1.8333,7.25,-0.6667,0.75,-9.3333,2
145,245,126,216,125,179,141,150,154,129,124,143,118,104,115,80,112,59,142,141,145,100,146,77,148,56,158,149,161,121,157,143,154,163,174,162,178,135,178,131,178,129,37.0135,33.121,24.6982,91.3947,39.4588,24.1868,21.2132,84.8528,41.1096,23.0217,21.095,85.2115,28.1603,22.3607,20.2237,14.5602,27.2947,4.0,2.0,33.2415,-37.0,1.8125,1.6154,3.1071,-6.5,-8.0,-7.0,-7.0,13.6667,23.0,10.5,14.1667,9.3333,5.5,6.6667,3.5,6.75,0,0,8.25,2
145,247,126,218,123,182,138,152,152,131,122,147,116,107,112,83,110,62,140,143,141,101,141,77,142,56,156,150,160,121,156,141,153,160,172,162,177,136,176,129,174,127,36.1248,33.541,25.2389,90.802,40.4475,24.3311,21.095,85.8429,42.0119,24.0,21.0238,87.023,29.2746,20.3961,19.2354,10.4403,26.4764,7.0711,2.8284,35.0571,-12.0,2.0,1.5,3.3462,-6.6667,-6.0,-10.5,-7.0833,42.0,0,21.0,43.5,7.25,5.0,6.3333,3.3333,5.2,-7.0,-1.0,17.5,2
142,247,123,218,119,182,134,151,147,130,117,147,111,109,107,85,105,64,134,144,133,103,132,78,132,56,151,150,153,121,150,141,148,159,167,161,171,135,170,127,167,123,36.2215,34.4384,24.6982,91.214,38.4708,24.3311,21.095,83.863,41.0122,25.02,22.0,88.0227,29.0689,20.2237,18.1108,9.4868,26.3059,8.0623,5.0,38.0,-9.0,2.0667,1.6154,3.6667,-6.3333,-6.0,-10.5,-6.9167,-41.0,-25.0,0,-44.0,14.5,6.6667,9.0,3.0,6.5,-8.0,-1.3333,0,2
138,246,118,219,114,182,127,151,139,128,111,150,104,112,100,89,98,68,128,145,125,105,122,80,121,58,145,150,146,121,143,144,142,164,161,161,164,136,162,129,160,124,37.2156,33.6155,25.9422,93.3916,38.6394,23.3452,21.095,83.0241,40.1123,25.1794,22.0227,87.2812,29.0172,23.1948,20.025,14.3178,25.1794,7.2801,5.3852,37.0135,-9.25,2.3846,1.9167,4.3333,-5.4286,-5.75,-10.5,-6.3077,-13.3333,-8.3333,-22.0,-12.4286,29.0,7.6667,20.0,4.6667,8.3333,-3.5,-2.5,-37.0,2
133,246,112,216,106,182,119,150,131,127,104,153,95,115,91,92,89,71,121,146,117,106,113,81,112,59,137,150,138,123,135,142,133,161,154,160,157,135,154,127,151,122,34.5254,34.5398,25.9422,91.0055,39.0512,23.3452,21.095,83.3607,40.1995,25.318,22.0227,87.4643,27.0185,19.2354,19.105,11.7047,25.1794,8.544,5.831,38.1182,-5.6667,2.4615,1.9167,4.6842,-4.2222,-5.75,-10.5,-5.4667,-10.0,-6.25,-22.0,-9.6667,27.0,6.3333,9.5,2.75,8.3333,-2.6667,-1.6667,-12.6667,2
107,251,84,223,76,187,88,154,100,131,80,159,68,117,61,93,56,72,98,152,98,106,97,78,98,56,114,156,112,125,104,141,100,159,131,165,133,137,126,125,119,119,36.8782,35.1141,25.9422,93.3809,43.6807,25.0,21.587,90.2497,46.0,28.0179,22.0227,96.0,31.0644,17.8885,18.4391,14.3178,28.0713,13.8924,9.2195,47.5395,-4.5,2.75,1.9167,5.75,-3.5,-3.4286,-4.2,-3.625,0,-28.0,22.0,0,-15.5,2.0,4.5,0.2143,14.0,-1.7143,-0.8571,-3.8333,2
97,243,73,214,64,179,75,146,88,125,72,148,60,110,54,87,50,67,90,143,93,95,93,66,95,44,106,147,105,119,94,135,89,154,122,158,123,130,114,124,106,123,36.1386,34.7851,24.6982,90.2552,39.8497,23.7697,20.3961,83.9345,48.0937,29.0,22.0907,99.1262,28.0179,19.4165,19.6469,18.3848,28.0179,10.8167,8.0623,38.4838,-3.8889,3.0,1.6154,5.9333,-3.1667,-3.8333,-5.0,-3.6818,16.0,0,11.0,19.8,-28.0,1.4545,3.8,0.4118,28.0,-0.6667,-0.125,-2.1875,2
85,238,62,214,51,178,61,147,77,127,66,142,59,103,55,82,53,64,84,140,92,89,94,60,97,37,100,149,93,120,80,144,74,167,115,160,111,130,99,131,90,137,37.6431,32.573,25.6125,88.2836,39.6232,21.3776,18.1108,79.0759,51.6236,29.0689,23.1948,103.8171,29.8329,27.2947,23.7697,31.6228,30.2655,12.0416,10.8167,33.9706,-3.2727,3.1,1.25,5.8,-5.5714,-5.25,-9.0,-6.0,6.375,14.5,7.6667,7.9231,-4.1429,1.8462,3.8333,0.6923,-7.5,0.0833,0.6667,-0.92,2
83,237,60,213,48,177,56,146,73,125,64,141,57,100,53,78,52,60,82,140,88,88,91,58,94,35,97,148,90,119,77,143,71,166,112,159,108,129,96,129,87,135,37.9473,32.0156,27.0185,88.955,41.5933,22.3607,18.0278,81.8841,52.345,30.1496,23.1948,105.6835,29.8329,27.2947,23.7697,31.6228,30.2655,12.0,10.8167,34.6554,-3.0,3.875,1.2353,6.7692,-5.8571,-5.5,-18.0,-6.75,8.6667,10.0,7.6667,8.75,-4.1429,1.8462,3.8333,0.6923,-7.5,0.0,0.6667,-0.96,2
85,235,63,209,54,173,63,142,80,125,73,140,68,100,66,79,65,60,90,141,98,92,100,62,101,39,105,150,98,122,85,142,76,163,119,161,114,134,100,137,87,147,37.108,32.28,24.0416,85.703,40.3113,21.095,19.0263,80.399,49.6488,30.0666,23.0217,102.5914,28.8617,23.8537,22.8473,31.7805,27.4591,14.3178,16.4012,34.9285,-4.0,3.4444,1.0,4.9412,-8.0,-10.5,-19.0,-10.0,6.125,15.0,23.0,9.2727,-4.0,1.5385,2.3333,0.4483,-5.4,0.2143,0.7692,-0.4375,2
92,237,72,210,64,176,73,147,90,129,81,146,77,106,75,84,74,65,98,147,107,100,110,72,112,49,112,157,105,130,91,150,84,170,124,169,122,139,109,143,97,154,34.9285,30.3645,24.7588,82.9759,40.1995,22.0907,19.0263,81.3019,47.8539,28.1603,23.0868,98.9949,27.8927,24.4131,21.1896,30.8707,30.0666,13.6015,16.2788,30.8869,-4.25,3.2222,1.0588,4.5,-10.0,-11.0,-19.0,-11.5714,5.2222,9.3333,11.5,7.0,-3.8571,1.4286,2.8571,0.4643,-15.0,0.3077,0.9167,-0.5556,2
135,214,116,183,111,147,126,120,144,109,123,131,118,96,116,74,116,55,138,131,145,90,146,64,149,44,152,138,150,117,138,137,132,159,166,149,167,123,156,126,147,137,36.3456,30.8869,21.095,79.1202,35.3553,22.0907,19.0,76.3217,41.5933,26.0192,20.2237,87.6926,21.095,23.3238,22.8035,29.0,26.0192,11.4018,14.2127,22.4722,-7.2,1.8,0.6111,2.6429,-7.0,-11.0,0,-10.8571,5.8571,26.0,6.6667,7.9091,-10.5,1.6667,3.6667,1.05,26.0,0.2727,1.2222,-0.6316,2
166,195,150,161,148,127,164,102,182,94,155,115,149,84,148,64,148,46,170,115,175,78,179,55,184,36,184,123,186,100,174,119,168,142,197,135,201,111,190,114,180,125,34.0588,29.6816,19.6977,74.2496,31.5753,20.025,18.0,69.3542,37.3363,23.3452,19.6469,80.2309,23.0868,22.4722,23.7697,24.8395,24.3311,11.4018,14.8661,19.7231,-17.0,1.5625,0.4444,2.0938,-5.1667,-20.0,0,-9.8571,7.4,5.75,3.8,5.6429,11.5,1.5833,3.8333,1.1875,6.0,0.2727,1.1,-0.5882,2
190,208,172,172,170,139,188,112,204,99,170,125,165,93,164,72,165,54,187,123,192,86,195,63,199,45,202,131,208,102,199,114,193,132,216,142,222,116,217,115,211,123,33.0606,32.45,20.6155,79.7057,32.3883,21.0238,18.0278,71.1758,37.3363,23.1948,18.4391,78.9177,29.6142,15.0,18.9737,9.0554,26.6833,5.099,10.0,19.6469,-16.5,1.5,0.8125,2.2812,-6.4,-21.0,18.0,-14.2,7.4,7.6667,4.5,6.5,4.8333,1.3333,3.0,0.1111,4.3333,-0.2,1.3333,-3.8,2
200,209,183,175,180,141,197,113,212,96,168,123,163,90,162,68,164,49,186,124,186,89,191,67,196,48,202,132,208,108,209,111,211,116,216,144,222,123,225,119,227,117,34.1321,32.7567,22.6716,84.1546,33.3766,22.0227,19.105,74.108,35.0,22.561,19.6469,76.6551,24.7386,3.1623,5.3852,18.3576,21.8403,5.0,2.8284,29.1548,-11.3333,1.6471,1.1333,2.7241,-6.6,-22.0,9.5,-18.5,0,4.4,3.8,7.6,4.0,-3.0,-2.5,1.7778,3.5,1.3333,1.0,2.4545,2
181,201,160,166,157,131,174,102,188,85,149,118,142,85,139,63,137,45,166,117,168,80,171,58,174,40,183,125,187,96,182,109,181,123,198,135,198,111,193,118,191,128,35.1283,33.6155,22.0227,85.703,33.7343,22.2036,18.1108,73.9797,37.054,22.2036,18.2483,77.4145,29.2746,13.9284,14.0357,2.8284,24.0,8.6023,10.198,9.8995,-11.6667,1.7059,1.2143,2.8929,-4.7143,-7.3333,-9.0,-6.0833,18.5,7.3333,6.0,9.625,7.25,2.6,14.0,-1.0,0,1.4,5.0,-1.0,2
165,197,149,166,145,133,152,107,164,87,166,113,163,76,159,55,156,36,180,114,184,69,182,39,179,17,193,122,179,96,161,115,151,135,203,133,192,106,175,109,162,117,33.2415,26.9258,23.3238,80.4114,37.1214,21.3776,19.2354,77.6466,45.1774,30.0666,22.2036,97.0052,29.5296,26.1725,22.3607,43.9659,29.1548,17.2627,15.2643,44.0114,-8.25,3.7143,1.6667,5.2667,-12.3333,-5.25,-6.3333,-7.7,11.25,-15.0,-7.3333,-97.0,-1.8571,1.0556,2.0,0.3095,-2.4545,0.1765,0.6154,-0.3902,2
159,210,142,178,140,144,146,117,156,96,160,121,156,82,153,59,150,39,174,122,177,75,176,44,174,19,186,131,171,105,154,122,143,140,197,143,183,117,166,117,152,123,34.0588,27.6586,23.2594,83.1865,39.2046,23.1948,20.2237,82.6075,47.0956,31.0161,25.0799,103.0,30.0167,24.0416,21.095,43.9318,29.5296,17.0,15.2315,49.2443,-17.0,4.5,2.1,5.8571,-9.75,-7.6667,-6.6667,-8.2,15.6667,-31.0,-12.5,0,-1.7333,1.0,1.6364,0.2093,-1.8571,0.0,0.4286,-0.4444,2
130,226,111,194,106,158,111,128,122,105,123,133,117,91,113,67,109,47,137,133,142,84,140,52,139,26,151,141,136,119,117,133,105,150,162,152,151,127,135,127,121,132,36.3456,30.4138,25.4951,89.6772,42.4264,24.3311,20.3961,87.1321,49.2544,32.0624,26.0192,107.0187,26.6271,23.6008,20.8087,46.8722,27.313,16.0,14.8661,45.618,-7.2,6.0,2.0909,8.0909,-7.0,-6.0,-5.0,-6.1429,9.8,-16.0,-26.0,53.5,-1.4667,0.7368,1.4167,0.1957,-2.2727,0.0,0.3571,-0.4878,2
93,241,69,218,59,179,65,144,81,123,77,147,69,105,63,82,57,61,93,145,97,93,96,61,92,35,108,151,101,112,88,117,79,127,122,161,113,132,97,135,81,145,40.2616,35.5106,26.4008,95.7549,42.7551,23.7697,21.8403,88.295,52.1536,32.0156,26.3059,110.0045,39.6232,13.9284,13.4536,37.6431,30.3645,16.2788,18.868,44.0114,-3.9,5.8333,1.3125,7.9167,-5.25,-3.8333,-3.5,-4.3,13.0,-32.0,-6.5,-110.0,-5.5714,0.3846,1.1111,-0.8276,-3.2222,0.1875,0.625,-0.3902,2
114,255,94,242,81,221,86,198,97,185,85,177,73,148,66,131,61,116,101,172,99,132,96,109,96,89,115,178,111,158,105,181,104,199,130,190,127,170,119,178,114,189,24.6982,23.5372,17.0294,57.0789,31.3847,18.3848,15.8114,65.5515,40.05,23.1948,20.0,83.1505,20.3961,23.7697,18.0278,23.7065,20.2237,11.3137,12.083,16.0312,-1.6154,4.6,1.1818,19.0,-2.4167,-2.4286,-3.0,-2.5417,-20.0,-7.6667,0,-16.6,-5.0,3.8333,18.0,1.9091,-6.6667,1.0,2.2,-0.0625,2
114,250,95,235,82,210,86,187,98,173,90,165,79,135,74,118,69,103,105,162,105,120,102,97,101,78,120,169,113,150,106,174,104,193,134,182,130,160,121,169,116,178,28.178,23.3452,18.4391,62.0725,31.9531,17.72,15.8114,65.4599,42.0,23.1948,19.0263,84.0952,20.2485,25.0,19.105,28.8444,22.3607,12.7279,10.2956,18.4391,-1.9231,5.75,1.1667,20.6667,-2.7273,-3.4,-3.0,-2.9524,0,-7.6667,-19.0,-21.0,-2.7143,3.4286,9.5,1.5,-5.5,1.0,1.8,-0.2222,2
118,242,100,225,87,199,91,176,103,163,96,158,86,127,80,109,76,94,110,155,110,113,108,90,107,71,124,161,117,140,110,162,109,180,138,173,134,152,126,159,122,169,29.0689,23.3452,17.6918,62.0725,32.573,18.9737,15.5242,67.0522,42.0,23.0868,19.0263,84.0536,22.1359,23.0868,18.0278,24.2074,21.3776,10.6301,10.7703,16.4924,-2.0,5.75,1.0833,20.6667,-3.1,-3.0,-3.75,-3.2,0,-11.5,-19.0,-28.0,-3.0,3.1429,18.0,1.2667,-5.25,0.875,2.5,-0.25,2
121,227,102,208,91,184,95,161,106,147,102,149,93,118,89,100,85,85,116,147,116,105,114,82,114,64,129,153,123,129,115,146,112,162,142,163,138,139,129,144,124,151,26.4008,23.3452,17.8045,61.131,32.28,18.4391,15.5242,66.2193,42.0,23.0868,18.0,83.0241,24.7386,18.7883,16.2788,19.2354,24.3311,10.2956,8.6023,21.6333,-2.1818,5.75,1.2727,15.25,-3.4444,-4.5,-3.75,-3.7647,0,-11.5,0,-41.5,-4.0,2.125,5.3333,0.5294,-6.0,0.5556,1.4,-0.6667,2
127,215,109,195,99,172,105,149,116,134,110,142,102,113,97,94,93,79,123,140,125,100,124,78,124,60,136,145,132,122,122,136,118,151,148,154,146,131,137,134,131,143,25.0799,23.7697,18.6011,61.4003,30.0832,19.6469,15.5242,65.2534,40.05,22.0227,18.0,80.0062,23.3452,17.2047,15.5242,18.9737,23.0868,9.4868,10.8167,20.2485,-2.3,3.8333,1.3636,8.7143,-3.625,-3.8,-3.75,-3.7059,20.0,-22.0,0,80.0,-5.75,1.4,3.75,0.3333,-11.5,0.3333,1.5,-0.6471,2
167,214,151,189,146,161,159,140,175,131,148,136,141,106,136,88,133,72,164,134,171,98,175,75,182,56,177,142,182,123,173,140,168,157,189,154,194,134,190,137,187,145,28.4429,24.6982,18.3576,62.7694,30.8058,18.6815,16.2788,65.7343,36.6742,23.3452,20.2485,80.05,19.6469,19.2354,17.72,17.4929,20.6155,5.0,8.544,9.2195,-5.6,1.6154,0.5625,2.4167,-4.2857,-3.6,-5.3333,-4.2667,5.1429,5.75,2.7143,4.3333,3.8,1.8889,3.4,1.6667,4.0,0.75,2.6667,-4.5,2
