96,145,76,135,63,118,57,100,53,86,76,93,68,70,64,55,61,42,87,90,86,63,83,45,83,31,98,93,94,79,91,98,90,114,109,98,106,81,100,90,95,101,21.4009,18.9737,14.5602,54.1295,24.3516,15.5242,13.3417,53.1601,27.0185,18.2483,14.0,59.1354,14.5602,19.2354,16.0312,22.4722,17.2627,10.8167,12.083,14.3178,-1.3077,-3.0,-3.5,-2.1304,-2.875,-3.75,-4.3333,-3.4,-27.0,-6.0,0,-14.75,-3.5,6.3333,16.0,2.625,-5.6667,1.5,2.2,0.2143,3
67,137,47,128,32,111,26,93,22,78,47,85,37,63,32,48,28,36,58,82,55,53,51,35,48,21,69,84,62,70,60,89,61,106,80,89,75,71,68,78,63,88,22.6716,18.9737,15.5242,55.9017,24.1661,15.8114,12.6491,52.5547,29.1548,18.4391,14.3178,61.8142,15.6525,19.105,17.0294,23.4094,18.6815,9.8995,11.1803,17.0294,-1.1333,-3.0,-3.75,-2.0,-2.2,-3.0,-3.0,-2.5789,-9.6667,-4.5,-4.6667,-6.1,-2.0,9.5,-17.0,2.75,-3.6,1.0,2.0,-0.0588,3
81,129,60,120,45,103,38,85,35,69,60,77,50,54,45,38,41,25,71,74,68,45,65,26,62,11,82,76,77,61,75,81,75,97,94,80,90,63,83,72,78,83,22.6716,19.3132,16.2788,56.7979,25.0799,16.7631,13.6015,55.3624,29.1548,19.2354,15.2971,63.6396,15.8114,20.0998,16.0,22.1359,17.4642,11.4018,12.083,16.2788,-1.1333,-2.5714,-5.3333,-2.04,-2.3,-3.2,-3.25,-2.7368,-9.6667,-6.3333,-5.0,-7.0,-3.0,10.0,0,3.0,-4.25,1.2857,2.2,0.1875,3
87,128,66,118,51,101,45,83,42,66,65,77,56,53,51,38,48,25,76,73,74,44,72,27,69,13,88,74,83,60,80,79,81,95,99,79,95,62,89,70,85,82,22.6716,18.9737,17.2627,57.2713,25.632,15.8114,13.3417,54.7083,29.0689,17.1172,14.3178,60.407,14.8661,19.2354,16.0312,22.1359,17.4642,10.0,12.6491,14.3178,-1.1333,-3.0,-5.6667,-2.1667,-2.6667,-3.0,-4.3333,-3.0588,-14.5,-8.5,-4.6667,-8.5714,-2.8,6.3333,-16.0,3.0,-4.25,1.3333,3.0,0.2143,3
102,128,82,119,67,102,61,83,59,68,81,79,73,55,69,40,66,26,92,75,91,47,89,31,88,18,103,77,100,64,97,82,97,97,115,83,112,67,106,74,102,84,22.6716,19.9249,15.1327,55.9464,25.2982,15.5242,14.3178,55.0818,28.0179,16.1245,13.0384,57.1402,13.3417,18.2483,15.0,20.8806,16.2788,9.2195,10.7703,13.0384,-1.1333,-3.1667,-7.5,-2.2174,-3.0,-3.75,-4.6667,-3.5333,-28.0,-8.0,-13.0,-14.25,-4.3333,6.0,0,3.3333,-5.3333,1.1667,2.5,0.0769,3
121,139,101,127,87,108,81,89,80,72,100,84,94,59,91,44,89,30,112,82,112,55,111,36,112,21,123,85,122,71,119,91,118,107,134,92,135,75,130,83,125,93,23.6008,19.9249,17.0294,58.8727,25.7099,15.2971,14.1421,55.109,27.0,19.0263,15.0333,61.0,14.0357,20.2237,16.0312,22.561,17.0294,9.434,11.1803,9.0554,-1.3571,-3.1667,-17.0,-2.619,-4.1667,-5.0,-7.0,-4.9091,0,-19.0,15.0,0,-14.0,6.6667,16.0,4.4,17.0,1.6,2.0,0.1111,3
123,140,102,127,88,108,83,89,81,72,101,85,95,60,92,44,90,30,113,83,113,55,113,38,113,23,124,86,123,71,119,91,118,107,135,92,136,75,130,83,126,93,23.6008,19.6469,17.1172,58.8727,25.7099,16.2788,14.1421,56.0892,28.0,17.0,15.0,60.0,15.0333,20.3961,16.0312,21.8403,17.0294,10.0,10.7703,9.0554,-1.3571,-3.8,-8.5,-2.619,-4.1667,-5.3333,-7.0,-5.0,0,0,0,0,-15.0,5.0,16.0,3.5,17.0,1.3333,2.5,0.1111,3
136,135,116,122,102,103,97,82,96,66,115,81,110,55,108,39,107,25,127,79,128,51,129,34,130,20,138,83,139,68,135,86,133,102,149,89,150,74,146,82,141,92,23.6008,21.587,16.0312,59.4643,26.4764,16.1245,14.0357,56.5685,28.0179,17.0294,14.0357,59.0762,15.0333,18.4391,16.1245,19.6469,15.0333,8.9443,11.1803,8.544,-1.3571,-4.2,-16.0,-2.8,-5.2,-8.0,-14.0,-7.0,28.0,17.0,14.0,19.6667,15.0,4.5,8.0,3.8,15.0,2.0,2.0,0.375,3
139,135,118,123,105,103,100,83,99,66,117,80,112,55,110,40,109,25,129,79,130,52,131,35,132,20,140,83,141,68,138,87,135,102,151,89,153,73,148,82,145,92,23.8537,20.6155,17.0294,60.0833,25.4951,15.1327,15.0333,55.5788,27.0185,17.0294,15.0333,59.0762,15.0333,19.2354,15.2971,19.6469,16.1245,10.2956,10.4403,6.7082,-1.5385,-4.0,-17.0,-3.0,-5.0,-7.5,-15.0,-6.875,27.0,17.0,15.0,19.6667,15.0,6.3333,5.0,3.8,8.0,1.8,3.3333,0.5,3
143,135,123,121,110,102,105,83,104,67,122,81,118,56,115,41,115,27,133,79,135,53,136,37,138,23,144,83,145,70,142,87,140,102,155,90,157,75,153,83,149,92,23.0217,19.6469,16.0312,57.2451,25.318,15.2971,14.0,54.4518,26.0768,16.0312,14.1421,56.2228,13.0384,17.2627,15.1327,19.4165,15.1327,8.9443,9.8489,6.3246,-1.4615,-3.8,-16.0,-2.8421,-6.25,-5.0,0,-7.7143,13.0,16.0,7.0,11.2,13.0,5.6667,7.5,4.75,7.5,2.0,2.25,0.3333,3
154,136,134,121,122,104,120,83,125,68,133,85,130,61,128,47,128,33,144,83,145,59,146,44,148,31,154,87,156,72,153,90,151,105,165,92,167,78,162,86,158,94,20.8087,21.095,15.8114,53.7587,24.1868,14.1421,14.0,52.2398,24.0208,15.0333,13.1529,52.1536,15.1327,18.2483,15.1327,18.2483,14.1421,9.434,8.9443,7.2801,-1.4167,-10.5,3.0,-5.8889,-8.0,-7.0,0,-10.4,24.0,15.0,6.5,13.0,7.5,6.0,7.5,6.0,7.0,1.6,2.0,0.2857,3
158,137,139,123,128,106,126,86,130,72,138,86,136,63,135,49,136,36,149,85,150,61,151,46,153,33,159,89,161,75,158,92,156,106,169,94,172,80,168,87,165,95,20.2485,20.0998,14.5602,51.788,23.0868,14.0357,13.0384,50.04,24.0208,15.0333,13.1529,52.1536,14.1421,17.2627,14.1421,17.2627,14.3178,8.0623,8.544,4.1231,-1.5455,-10.0,3.5,-5.6667,-11.5,-14.0,13.0,-25.0,24.0,15.0,6.5,13.0,7.0,5.6667,7.0,5.6667,4.6667,1.75,2.6667,0.25,3
166,140,146,126,134,110,130,90,134,76,146,89,145,66,145,53,146,40,157,89,159,67,161,53,163,42,167,93,170,79,167,95,165,108,177,99,180,85,176,94,173,102,20.0,20.3961,14.5602,51.4198,23.0217,13.0,13.0384,49.0,22.0907,14.1421,11.1803,47.3814,14.3178,16.2788,13.1529,15.1327,14.3178,9.8489,8.544,5.0,-1.3333,-5.0,3.5,-4.1667,-23.0,0,13.0,0,11.0,7.0,5.5,7.8333,4.6667,5.3333,6.5,7.5,4.6667,2.25,2.6667,0.75,3
176,139,158,128,145,111,139,93,139,78,157,91,155,69,156,55,157,43,168,90,171,68,173,54,176,43,179,94,183,81,180,95,177,108,189,100,193,87,189,94,185,103,21.4009,18.9737,15.0,53.4883,22.0907,14.0357,12.0416,48.0,22.2036,14.1421,11.4018,47.676,13.6015,14.3178,13.3417,14.1421,13.6015,8.0623,9.8489,5.0,-1.3077,-3.0,0,-2.6316,-11.0,14.0,12.0,0,7.3333,7.0,3.6667,5.875,3.25,4.6667,4.3333,7.0,3.25,1.75,2.25,0.75,3
181,147,166,132,154,113,145,96,136,88,169,91,167,68,166,55,166,44,180,91,186,67,191,52,196,38,190,97,197,87,192,102,188,113,199,107,205,97,203,102,200,107,22.4722,19.2354,12.0416,53.2541,23.0868,13.0384,11.0,47.0956,24.7386,15.8114,14.8661,55.3624,12.2066,15.8114,11.7047,16.1245,11.6619,5.3852,5.831,1.0,-1.5833,-1.8889,-0.8889,-1.4667,-11.5,-13.0,0,-15.6667,4.0,3.0,2.8,3.3125,1.4286,3.0,2.75,8.0,1.6667,2.5,1.6667,-0.0,3
181,146,166,133,154,113,147,96,138,86,171,90,169,68,168,55,168,43,182,91,190,67,196,51,201,38,192,98,198,89,193,103,188,115,200,108,206,97,204,100,201,104,23.3238,18.3848,13.4536,54.7083,22.0907,13.0384,12.0,47.0956,25.2982,17.088,13.9284,56.3028,10.8167,14.8661,13.0,17.4642,12.53,3.6056,5.0,4.1231,-1.6667,-2.4286,-1.1111,-1.6786,-11.0,-13.0,0,-15.6667,3.0,2.6667,2.6,2.7895,1.5,2.8,2.4,4.25,1.8333,1.5,1.3333,4.0,3
185,138,171,123,161,101,154,83,146,75,177,81,176,60,176,47,177,35,189,83,197,60,203,45,210,32,198,90,205,80,200,93,195,104,206,100,213,90,211,94,208,98,24.1661,19.3132,11.3137,54.1202,21.0238,13.0,12.0416,46.0,24.3516,16.1555,14.7648,55.1543,12.2066,13.9284,12.083,14.3178,12.2066,4.4721,5.0,2.8284,-2.2,-2.5714,-1.0,-1.92,-21.0,0,12.0,0,2.875,2.5,1.8571,2.4286,1.4286,2.6,2.2,4.6667,1.4286,2.0,1.3333,1.0,3
188,134,175,120,165,98,159,80,151,71,180,79,179,58,179,46,180,35,191,80,200,57,207,44,213,31,200,87,208,78,202,91,198,102,208,98,215,88,213,91,210,95,24.1661,18.9737,12.0416,54.5619,21.0238,12.0,11.0454,44.0,24.6982,14.7648,14.3178,53.7122,12.0416,14.3178,11.7047,15.1327,12.2066,3.6056,5.0,3.6056,-2.2,-3.0,-1.125,-2.0417,-21.0,0,11.0,0,2.5556,1.8571,2.1667,2.2273,1.125,2.1667,2.75,7.5,1.4286,1.5,1.3333,1.5,3
198,126,186,110,177,89,171,73,165,63,192,75,191,53,191,41,192,30,202,76,212,53,218,39,224,28,211,82,219,72,213,84,208,93,219,91,226,82,223,87,220,92,22.8473,17.088,11.6619,51.4782,22.0227,12.0,11.0454,45.0,25.0799,15.2315,12.53,52.8015,12.8062,13.4164,10.2956,11.4018,11.4018,5.831,5.831,1.4142,-2.3333,-2.6667,-1.6667,-2.2381,-22.0,0,11.0,0,2.3,2.3333,1.8333,2.1818,1.25,2.0,1.8,3.6667,1.2857,1.6667,1.6667,-1.0,3
213,145,202,130,193,108,188,91,183,80,207,92,206,71,205,59,207,48,217,94,226,72,232,58,238,48,226,101,234,91,229,103,225,113,234,111,241,101,239,104,237,108,23.7697,17.72,12.083,53.4883,21.0238,12.0416,11.1803,44.0,23.7697,15.2315,11.6619,50.5668,12.8062,13.0,10.7703,12.0416,12.2066,3.6056,4.4721,4.2426,-2.4444,-3.4,-2.2,-2.6316,-21.0,-12.0,5.5,0,2.4444,2.3333,1.6667,2.1905,1.25,2.4,2.5,12.0,1.4286,1.5,2.0,1.0,3
215,158,203,143,195,121,190,104,186,93,208,105,207,84,207,72,208,61,219,107,227,86,233,73,239,62,228,114,236,104,231,116,226,126,236,124,242,115,242,115,241,118,23.4094,17.72,11.7047,52.811,21.0238,12.0,11.0454,44.0,22.4722,14.3178,12.53,49.2443,12.8062,13.0,11.1803,12.1655,10.8167,0.0,3.1623,7.8102,-2.75,-3.4,-2.75,-2.9412,-21.0,0,11.0,0,2.625,2.1667,1.8333,2.25,1.25,2.4,2.0,6.0,1.5,0,3.0,1.2,3
211,159,198,146,189,125,185,108,181,97,202,109,201,88,201,76,202,65,212,111,220,89,226,76,232,65,221,118,229,110,223,122,218,132,229,127,235,118,233,123,230,127,22.8473,17.4642,11.7047,51.8652,21.0238,12.0,11.0454,44.0,23.4094,14.3178,12.53,50.1597,11.3137,13.4164,11.1803,14.3178,10.8167,5.3852,5.0,1.0,-2.3333,-4.25,-2.75,-2.8824,-21.0,0,11.0,0,2.75,2.1667,1.8333,2.3,1.0,2.0,2.0,4.6667,1.5,2.5,1.3333,-0.0,3
194,168,179,155,170,135,165,118,160,107,183,119,182,98,182,86,182,75,194,120,200,101,205,90,209,80,203,127,209,118,203,132,198,143,211,135,216,126,212,132,207,139,21.9317,17.72,12.083,51.6236,21.0238,12.0,11.0,44.0114,19.9249,12.083,10.7703,42.72,10.8167,15.2315,12.083,16.7631,10.2956,7.2111,8.6023,5.6569,-2.2222,-3.4,-2.2,-2.5263,-21.0,0,0,-44.0,3.1667,2.2,2.5,2.6667,1.5,2.3333,2.2,3.2,1.8,1.5,1.4,1.0,3
193,169,179,155,169,136,165,118,161,106,184,118,183,97,183,85,183,73,194,120,201,101,206,89,210,79,203,127,209,118,203,131,199,142,212,136,217,126,212,132,208,139,21.4709,18.4391,12.6491,52.2015,21.0238,12.0,12.0,45.0111,20.2485,13.0,10.7703,44.0114,10.8167,14.3178,11.7047,15.5242,11.1803,7.8102,8.0623,5.0,-1.9,-4.5,-3.0,-2.7222,-21.0,0,0,-45.0,2.7143,2.4,2.5,2.5625,1.5,2.1667,2.75,3.75,2.0,1.2,1.75,0.75,3
189,166,175,152,165,132,161,115,157,103,181,115,179,94,179,82,180,70,191,117,197,97,201,85,206,74,200,124,205,114,198,128,194,138,208,133,213,123,208,129,203,135,22.3607,17.4642,12.6491,52.2015,21.095,12.0,12.0416,45.0111,20.8806,12.6491,12.083,45.5412,11.1803,15.6525,10.7703,15.2315,11.1803,7.8102,7.8102,5.3852,-2.0,-4.25,-3.0,-2.7222,-10.5,0,12.0,-45.0,3.3333,3.0,2.2,2.8667,2.0,2.0,2.5,2.3333,2.0,1.2,1.2,0.4,3
186,164,171,149,161,130,157,112,153,98,176,111,175,90,175,78,176,66,187,114,193,94,198,82,202,71,196,120,201,111,195,125,190,137,205,130,210,119,205,125,200,132,21.4709,18.4391,14.5602,54.0833,21.0238,12.0,12.0416,45.0,20.8806,13.0,11.7047,45.5412,10.2956,15.2315,13.0,18.0278,12.083,7.8102,8.6023,5.3852,-1.9,-4.5,-3.5,-2.8333,-21.0,0,12.0,0,3.3333,2.4,2.75,2.8667,1.8,2.3333,2.4,2.8333,2.2,1.2,1.4,0.4,3
180,164,166,148,157,127,153,109,149,96,172,110,171,89,171,75,172,64,182,113,189,92,193,79,198,68,192,120,197,109,189,123,184,135,200,129,205,118,200,123,194,131,22.8473,18.4391,13.6015,54.7083,21.0238,14.0,11.0454,46.0,22.1359,13.6015,12.083,47.7598,12.083,16.1245,13.0,17.0,12.083,7.0711,10.0,6.3246,-2.3333,-4.5,-3.25,-3.0588,-21.0,0,11.0,0,3.0,3.25,2.2,2.8125,2.2,1.75,2.4,1.875,2.2,1.0,1.3333,0.3333,3
172,166,157,151,148,128,144,109,140,94,164,110,164,87,164,74,165,62,174,113,182,91,186,79,190,68,184,120,188,109,181,124,176,136,192,130,196,118,191,126,186,135,24.6982,19.4165,15.5242,59.4811,23.0,13.0,12.0416,48.0104,23.4094,12.6491,11.7047,47.7598,11.7047,16.5529,13.0,17.8885,12.6491,9.434,10.2956,7.8102,-2.5556,-4.75,-3.75,-3.3529,0,0,12.0,48.0,2.75,3.0,2.75,2.8125,2.75,2.1429,2.4,2.0,3.0,1.6,1.8,0.8333,3
161,172,146,155,137,134,135,114,135,98,153,116,153,93,154,79,155,67,163,119,170,96,174,82,178,71,173,126,176,114,169,129,165,142,181,136,185,122,179,128,175,136,22.8473,20.0998,16.0,58.0517,23.0,14.0357,12.0416,49.0408,24.0416,14.5602,11.7047,50.2892,12.3693,16.5529,13.6015,17.8885,14.5602,8.4853,8.9443,6.0,-2.3333,-10.0,0,-5.1818,0,14.0,12.0,24.5,3.2857,3.5,2.75,3.2,4.0,2.1429,3.25,2.0,3.5,1.0,2.0,0.0,3
151,180,135,163,124,143,121,122,123,105,140,120,140,96,140,81,142,68,151,122,156,98,158,83,161,71,160,129,162,117,156,134,152,148,170,138,172,124,166,132,162,141,22.8254,21.2132,17.1172,59.2284,24.0,15.0,13.1529,52.0384,24.5153,15.1327,12.3693,51.9711,12.1655,18.0278,14.5602,20.6155,14.1421,10.0,9.8489,8.544,-1.8182,-7.0,8.5,-4.8333,0,0,6.5,26.0,4.8,7.5,4.0,5.1,6.0,2.8333,3.5,2.375,7.0,1.3333,2.25,0.375,3
151,182,134,164,123,145,119,125,120,108,140,121,140,97,141,83,143,69,151,123,155,99,158,84,161,72,161,130,163,117,156,135,152,148,170,140,172,125,167,135,162,144,21.9545,20.3961,17.0294,57.7235,24.0,14.0357,14.1421,52.0865,24.3311,15.2971,12.3693,51.9711,13.1529,19.3132,13.6015,20.1246,15.1327,11.1803,10.2956,8.9443,-1.7273,-5.0,17.0,-4.0,0,14.0,7.0,17.3333,6.0,5.0,4.0,5.1,6.5,2.5714,3.25,2.0,7.5,2.0,1.8,0.5,3
145,187,128,172,116,152,114,132,116,116,130,131,128,108,128,94,129,81,141,131,144,105,144,90,145,78,152,135,151,121,146,138,144,153,163,142,163,126,157,135,153,146,23.3238,20.0998,16.1245,57.2713,23.0868,14.0,13.0384,50.01,26.1725,15.0,12.0416,53.1507,14.0357,17.72,15.1327,19.6977,16.0,10.8167,11.7047,10.7703,-1.6667,-10.0,8.0,-4.6667,-11.5,0,13.0,-50.0,8.6667,0,12.0,13.25,-14.0,3.4,7.5,2.25,0,1.5,2.75,0.4,3
144,189,126,175,115,154,111,134,113,118,128,134,126,111,125,98,125,86,139,133,141,108,141,93,141,80,150,137,148,122,144,140,141,156,161,143,160,127,154,137,150,148,23.7065,20.3961,16.1245,58.4637,23.0868,13.0384,12.0,48.0937,25.0799,15.0,13.0,53.0377,15.1327,18.4391,16.2788,21.0238,16.0312,11.6619,11.7047,12.083,-1.9091,-5.0,8.0,-4.3846,-11.5,-13.0,0,-16.0,12.5,0,0,26.5,-7.5,4.5,5.3333,2.1111,-16.0,1.6667,2.75,0.4545,3
145,188,126,175,114,155,110,135,112,120,128,134,126,112,125,99,125,87,139,133,141,108,141,93,141,81,150,137,149,123,144,140,141,156,161,144,160,128,155,136,150,147,23.3238,20.3961,15.1327,56.7539,22.0907,13.0384,12.0,47.0956,25.0799,15.0,12.0,52.0384,14.0357,17.72,16.2788,21.0238,16.0312,9.434,12.083,11.4018,-1.6667,-5.0,7.5,-3.9286,-11.0,-13.0,0,-15.6667,12.5,0,0,26.0,-14.0,3.4,5.3333,2.1111,-16.0,1.6,2.2,0.2727,3
142,190,122,176,110,156,107,136,108,119,123,136,121,115,120,101,119,89,135,135,137,111,135,100,133,91,146,137,143,122,139,140,136,156,157,144,155,129,150,139,146,151,23.3238,20.2237,17.0294,58.6941,21.095,14.0357,12.0416,47.1699,24.0832,11.1803,9.2195,44.0454,15.2971,18.4391,16.2788,21.4709,15.1327,11.1803,12.6491,13.0384,-1.6667,-6.6667,17.0,-4.0714,-10.5,-14.0,-12.0,-11.75,12.0,-5.5,-4.5,-22.0,-5.0,4.5,5.3333,1.9,-7.5,2.0,3.0,0.6364,3
140,189,121,176,108,155,104,135,104,118,121,134,118,112,117,98,115,85,133,134,135,111,133,99,130,92,144,137,142,123,138,141,135,157,155,143,153,129,148,140,145,152,24.6982,20.3961,17.0,60.4401,22.2036,14.0357,13.1529,49.366,23.0868,12.1655,7.6158,42.107,14.1421,18.4391,16.2788,21.9317,14.1421,12.083,12.3693,13.4536,-1.6154,-5.0,0,-3.4118,-7.3333,-14.0,-6.5,-8.1667,11.5,-6.0,-2.3333,-14.0,-7.0,4.5,5.3333,2.2222,-7.0,2.2,4.0,0.9,3
140,189,121,176,108,156,104,135,103,119,121,134,118,112,116,98,115,85,132,133,134,111,133,100,131,93,143,137,142,122,138,141,135,157,154,143,153,128,148,139,145,152,23.8537,21.3776,16.0312,59.7746,22.2036,14.1421,13.0384,49.366,22.0907,11.0454,7.2801,40.0125,15.0333,19.4165,16.2788,21.5407,15.0333,12.083,13.3417,12.7279,-1.5385,-5.25,-16.0,-3.1667,-7.3333,-7.0,-13.0,-8.1667,11.0,-11.0,-3.5,-40.0,-15.0,4.75,5.3333,2.5,-15.0,2.2,4.3333,1.0,3
138,189,118,176,106,156,102,136,101,119,119,134,116,110,114,95,112,82,131,133,133,109,131,99,129,93,142,137,140,123,136,142,134,158,153,144,151,129,146,141,144,153,23.3238,20.3961,17.0294,59.4811,24.1868,15.1327,13.1529,52.469,24.0832,10.198,6.3246,40.05,14.1421,19.4165,16.1245,22.4722,15.1327,13.0,12.1655,12.7279,-1.6667,-5.0,-17.0,-3.3529,-8.0,-7.5,-6.5,-7.4286,12.0,-5.0,-3.0,-20.0,-7.0,4.75,8.0,2.625,-7.5,2.4,6.0,1.0,3
138,190,118,176,106,156,102,135,100,118,119,133,115,110,113,96,112,83,130,132,132,110,131,99,129,92,141,136,140,123,136,143,134,159,153,143,151,128,147,140,144,152,23.3238,21.3776,17.1172,60.7289,23.3452,14.1421,13.0384,50.4876,22.0907,11.0454,7.2801,40.0125,13.0384,20.3961,16.1245,24.0416,15.1327,12.6491,12.3693,12.7279,-1.6667,-5.25,-8.5,-3.2222,-5.75,-7.0,-13.0,-7.1429,11.0,-11.0,-3.5,-40.0,-13.0,5.0,8.0,3.2857,-7.5,3.0,4.0,1.0,3
136,189,117,177,104,156,100,136,98,119,117,133,113,109,111,94,109,81,129,132,130,109,129,96,128,87,140,136,138,124,134,143,133,158,151,143,149,129,144,141,142,153,24.6982,20.3961,17.1172,61.0328,24.3311,15.1327,13.1529,52.6118,23.0217,13.0384,9.0554,45.0111,12.1655,19.4165,15.0333,23.0868,14.1421,13.0,12.1655,13.4536,-1.6154,-5.0,-8.5,-3.0526,-6.0,-7.5,-6.5,-6.5,23.0,-13.0,-9.0,-45.0,-6.0,4.75,15.0,3.1429,-7.0,2.4,6.0,1.1111,3
137,190,117,178,104,157,99,136,98,119,117,133,113,109,111,94,109,81,129,132,130,109,129,97,128,88,140,136,138,124,134,143,132,159,151,142,149,128,145,140,142,152,24.6982,21.587,17.0294,61.9839,24.3311,15.1327,13.1529,52.6118,23.0217,12.0416,9.0554,44.0114,12.1655,19.4165,16.1245,24.3516,14.1421,12.6491,12.3693,13.4536,-1.6154,-4.2,-17.0,-3.1053,-6.0,-7.5,-6.5,-6.5,23.0,-12.0,-9.0,-44.0,-6.0,4.75,8.0,2.875,-7.0,3.0,4.0,1.1111,3
135,190,116,178,102,157,97,136,95,120,116,132,111,108,109,93,107,80,127,132,129,107,127,94,126,83,138,136,135,124,132,143,131,158,149,143,146,129,142,141,140,152,25.2389,21.587,16.1245,61.6847,24.5153,15.1327,13.1529,52.7731,25.0799,13.1529,11.0454,49.0102,12.3693,19.2354,15.0333,23.0868,14.3178,12.6491,11.1803,12.7279,-1.5,-4.2,-8.0,-2.7619,-4.8,-7.5,-6.5,-5.7778,12.5,-6.5,-11.0,-49.0,-4.0,6.3333,15.0,3.1429,-4.6667,3.0,5.5,1.0,3
135,191,116,178,102,157,97,137,94,119,116,132,111,108,108,93,106,80,127,132,128,107,127,94,125,83,138,136,135,124,132,144,130,159,149,143,147,128,143,139,140,151,25.2389,20.6155,18.2483,62.9682,24.5153,15.2971,13.1529,52.9528,25.02,13.0384,11.1803,49.0408,12.3693,20.2237,15.1327,24.3516,15.1327,11.7047,12.3693,12.0416,-1.5,-4.0,-6.0,-2.6818,-4.8,-5.0,-6.5,-5.2,25.0,-13.0,-5.5,-24.5,-4.0,6.6667,7.5,2.875,-7.5,2.75,4.0,0.8889,3
107,203,87,192,71,172,64,154,59,137,86,145,80,119,77,103,73,90,98,143,97,115,93,102,87,95,110,146,102,136,100,155,101,171,121,153,115,139,110,150,108,161,25.6125,19.3132,17.72,61.7171,26.6833,16.2788,13.6015,56.5155,28.0179,13.6015,9.2195,49.2443,12.8062,19.105,16.0312,26.5707,15.2315,12.083,11.1803,15.2643,-1.25,-2.5714,-3.4,-1.9643,-4.3333,-5.3333,-3.25,-4.2308,-28.0,-3.25,-1.1667,-4.3636,-1.25,9.5,-16.0,2.7778,-2.3333,2.2,5.5,0.6154,3
82,202,61,192,44,172,36,152,30,134,61,141,53,115,48,98,43,85,73,140,72,109,64,96,56,90,84,143,74,131,71,152,72,169,96,149,88,134,81,145,79,158,26.2488,21.5407,18.9737,65.7647,27.2029,17.72,13.9284,58.8218,31.0161,15.2643,10.0,52.811,15.6205,21.2132,17.0294,28.6356,17.0,13.0384,13.1529,19.2354,-1.1765,-2.5,-3.0,-1.871,-3.25,-3.4,-2.6,-3.1111,-31.0,-1.625,-0.75,-2.9412,-1.2,7.0,-17.0,2.1667,-1.875,1.5714,6.5,0.5294,3
74,205,53,194,37,174,29,154,23,136,55,143,45,117,40,100,35,86,66,141,62,111,54,97,46,90,77,144,66,132,63,155,64,173,89,150,80,134,73,147,69,160,25.6125,21.5407,18.9737,65.2993,27.8568,17.72,14.8661,60.407,30.2655,16.1245,10.6301,54.7814,16.2788,23.1948,18.0278,31.7805,18.3576,14.7648,13.6015,22.3607,-1.25,-2.5,-3.0,-1.9333,-2.6,-3.4,-2.8,-2.85,-7.5,-1.75,-0.875,-2.55,-1.0909,7.6667,-18.0,2.2308,-1.7778,1.8571,3.25,0.5,3
92,193,71,188,53,174,44,156,40,137,60,140,48,119,40,106,33,93,72,134,69,103,65,85,61,69,85,135,79,125,77,147,77,163,97,140,92,127,87,140,83,154,22.8035,20.1246,19.4165,59.6825,24.1868,15.2643,14.7648,54.2033,31.1448,18.4391,16.4924,65.9242,11.6619,22.0907,16.0,29.1204,13.9284,13.9284,14.5602,19.799,-0.7778,-2.0,-4.75,-1.6452,-1.75,-1.625,-1.8571,-1.7407,-10.3333,-4.5,-4.0,-5.9091,-1.6667,11.0,0,3.5,-2.6,2.6,3.5,1.0,3
96,191,75,187,58,174,50,156,49,137,61,146,48,127,41,117,34,106,72,139,66,111,61,96,57,82,85,139,79,128,80,148,82,164,97,141,92,127,89,138,88,151,21.4009,19.6977,19.0263,56.356,23.0217,12.2066,13.0384,48.2597,28.6356,15.8114,14.5602,58.9406,12.53,20.025,16.1245,25.1794,14.8661,11.4018,13.0384,13.4536,-0.7647,-2.25,-19.0,-1.9231,-1.4615,-1.4286,-1.5714,-1.4815,-4.6667,-3.0,-3.5,-3.8,-1.8333,-20.0,-8.0,8.3333,-2.8,3.6667,13.0,1.1111,3
89,186,67,185,48,175,36,161,27,147,53,145,38,127,29,116,21,105,63,137,55,110,48,94,42,81,74,135,68,126,70,145,74,161,87,136,80,122,77,132,75,145,21.4709,18.4391,16.6433,55.1725,23.4307,14.2127,13.6015,51.225,28.1603,17.4642,14.3178,59.808,10.8167,19.105,16.4924,26.0,15.6525,10.4403,13.1529,15.0,-0.5263,-1.1667,-1.5556,-0.95,-1.2,-1.2222,-1.375,-1.25,-3.375,-2.2857,-2.1667,-2.6667,-1.5,-9.5,-4.0,0,-2.0,3.3333,6.5,0.75,3
81,194,58,192,38,181,23,168,11,157,47,148,32,129,23,117,15,106,57,141,49,113,40,98,34,86,69,139,61,131,62,150,66,166,82,140,74,126,69,137,67,151,22.8254,19.8494,16.2788,58.6003,24.2074,15.0,13.6015,52.8015,29.1204,17.4929,13.4164,59.6154,11.3137,19.0263,16.4924,27.1662,16.1245,12.083,14.1421,18.6011,-0.55,-0.8667,-0.9167,-0.7447,-1.2667,-1.3333,-1.375,-1.3125,-3.5,-1.6667,-2.0,-2.3913,-1.0,-19.0,-4.0,9.0,-1.75,2.2,7.0,0.7333,3
84,198,60,196,39,184,24,170,11,160,48,149,34,130,25,117,17,107,59,142,53,115,45,104,37,97,72,141,62,131,64,153,67,169,85,143,76,131,72,145,71,159,24.1868,20.5183,16.4012,60.803,23.6008,15.8114,12.8062,52.2015,27.6586,13.6015,10.6301,50.0899,14.1421,22.0907,16.2788,28.4429,15.0,14.5602,14.0357,21.2603,-0.5714,-0.9333,-0.7692,-0.7347,-1.3571,-1.4444,-1.25,-1.3548,-4.5,-1.375,-0.875,-2.0455,-1.0,-11.0,-5.3333,5.6,-1.3333,3.5,14.0,1.1429,3
98,228,76,223,57,210,42,199,28,189,66,173,53,150,44,136,37,123,78,169,72,141,65,126,59,112,92,170,85,164,86,186,88,201,105,174,98,164,94,180,91,194,23.0217,18.6011,17.2047,58.8218,26.4197,16.6433,14.7648,57.8014,28.6356,16.5529,15.2315,60.0833,9.2195,22.0227,15.1327,31.257,12.2066,16.4924,14.3178,24.4131,-0.6842,-0.7333,-0.7143,-0.7083,-1.7692,-1.5556,-1.8571,-1.7241,-4.6667,-2.1429,-2.3333,-3.0,-0.8571,-22.0,-7.5,7.75,-1.4286,4.0,4.6667,1.4286,3
78,258,59,253,39,239,24,228,10,219,50,200,34,177,24,164,16,151,63,195,54,164,47,146,41,130,76,196,65,192,65,215,68,232,90,202,79,194,72,210,68,225,24.4131,18.6011,16.6433,59.6406,28.0179,16.4012,15.2643,59.6406,32.28,19.3132,17.088,68.6222,11.7047,23.0,17.2627,36.8782,13.6015,17.4642,15.5242,31.8277,-0.7,-0.7333,-0.6429,-0.6939,-1.4375,-1.3,-1.625,-1.4412,-3.4444,-2.5714,-2.6667,-2.9545,-0.3636,0,-5.6667,4.5,-0.7273,2.2857,3.75,1.0455,3
85,252,63,247,44,231,30,217,17,205,54,194,40,171,32,156,24,143,67,190,61,159,54,140,48,125,80,191,71,185,71,205,72,220,94,196,84,186,78,201,74,215,24.8395,19.799,17.6918,62.2896,26.9258,17.0,15.2643,59.1692,31.5753,20.2485,16.1555,67.72,10.8167,20.0,15.0333,30.0832,14.1421,16.1555,14.5602,27.5862,-0.8421,-1.0,-0.9231,-0.913,-1.6429,-1.875,-1.625,-1.7,-5.1667,-2.7143,-2.5,-3.4211,-0.6667,0,-15.0,3.625,-1.0,2.5,3.5,0.95,3
86,248,65,241,48,224,35,208,23,196,60,188,47,164,39,149,33,136,72,184,67,154,62,135,56,120,85,187,77,179,75,200,75,215,98,193,90,181,83,195,79,208,24.0416,20.6155,16.9706,61.5549,27.2947,17.0,14.3178,58.5918,30.4138,19.6469,16.1555,65.9697,11.3137,21.095,15.0,29.7321,14.4222,15.6525,13.6015,24.2074,-1.0,-1.2308,-1.0,-1.0714,-1.8462,-1.875,-2.1667,-1.9259,-6.0,-3.8,-2.5,-4.0,-1.0,10.5,0,2.8,-1.5,2.0,3.25,0.7895,3
101,242,80,233,62,213,51,195,42,179,74,179,64,154,58,138,52,124,88,176,85,145,81,126,78,110,100,180,94,171,91,193,90,209,113,187,107,175,101,189,97,202,26.9072,21.095,18.3576,66.0303,26.9258,17.088,15.2315,59.2368,31.1448,19.4165,16.2788,66.7533,10.8167,22.2036,16.0312,30.6757,13.4164,15.2315,13.6015,21.9317,-1.1111,-1.6364,-1.7778,-1.4211,-2.5,-2.6667,-2.3333,-2.5,-10.3333,-4.75,-5.3333,-6.6,-1.5,7.3333,16.0,2.9,-2.0,2.3333,3.25,0.9375,3
109,241,89,230,72,208,61,189,53,173,85,175,75,150,69,133,64,119,98,173,96,142,93,123,91,107,111,177,105,167,102,190,102,207,124,185,118,171,111,185,107,198,27.8029,21.9545,17.8885,67.4166,26.9258,18.0278,14.8661,59.808,31.0644,19.2354,16.1245,66.3702,11.6619,23.1948,17.0,31.3209,15.2315,15.6525,13.6015,21.4009,-1.2941,-1.7273,-2.0,-1.5833,-2.5,-2.8333,-2.8,-2.6667,-15.5,-6.3333,-8.0,-9.4286,-1.6667,7.6667,0,3.3333,-2.3333,2.0,3.25,0.7647,3
122,236,100,224,83,203,72,184,64,167,95,171,85,146,80,130,74,116,108,169,106,140,102,124,98,111,120,172,116,163,112,185,111,201,133,178,129,166,123,180,119,192,27.0185,21.9545,18.7883,67.4166,26.9258,16.7631,15.2315,58.8727,29.0689,16.4924,13.6015,58.8558,9.8489,22.3607,16.0312,30.3645,12.6491,15.2315,12.6491,19.799,-1.2353,-1.7273,-2.125,-1.5833,-2.5,-3.2,-2.3333,-2.619,-14.5,-4.0,-3.25,-5.8,-2.25,5.5,16.0,3.2222,-3.0,2.3333,3.0,1.0,3
129,231,108,220,91,200,81,180,73,164,103,168,94,143,88,127,83,113,115,166,113,139,110,123,106,111,128,170,123,160,120,182,119,199,140,176,136,162,131,176,128,189,26.2488,22.3607,17.8885,66.0379,26.5707,17.088,14.8661,58.5235,27.074,16.2788,12.6491,55.7315,11.1803,22.2036,17.0294,30.3645,14.5602,14.8661,13.3417,17.6918,-1.1765,-2.0,-2.0,-1.6,-2.7778,-2.6667,-2.8,-2.75,-13.5,-5.3333,-3.0,-6.1111,-2.0,7.3333,17.0,3.2222,-3.5,2.8,4.3333,1.0833,3
135,232,114,221,97,200,87,180,80,162,108,168,100,142,94,126,89,111,121,166,119,138,116,121,114,108,133,170,129,159,127,181,126,198,146,176,143,161,138,174,134,187,27.0185,22.3607,19.3132,68.0955,27.2029,17.088,15.8114,60.0833,28.0713,17.2627,13.1529,58.4209,11.7047,22.0907,17.0294,28.8617,15.2971,13.9284,13.6015,16.2788,-1.2353,-2.0,-2.5714,-1.7353,-3.25,-2.6667,-3.0,-3.0,-14.0,-5.6667,-6.5,-8.2857,-2.75,11.0,17.0,4.0,-5.0,2.6,3.25,0.9167,3
139,231,118,219,101,199,92,178,84,161,113,167,104,141,99,125,94,110,125,165,124,137,121,121,119,107,138,169,134,158,131,180,131,197,150,176,148,160,143,174,139,187,26.2488,22.8473,18.7883,67.2309,27.5136,16.7631,15.8114,60.0833,28.0179,16.2788,14.1421,58.3095,11.7047,22.2036,17.0,28.8617,16.1245,14.8661,13.6015,15.5563,-1.1765,-2.3333,-2.125,-1.7059,-2.8889,-3.2,-3.0,-3.0,-28.0,-5.3333,-7.0,-9.6667,-2.75,7.3333,0,4.0,-8.0,2.8,3.25,1.0,3
143,231,123,220,106,199,97,178,90,161,118,168,109,142,104,126,100,111,130,166,129,139,127,122,126,108,143,170,139,159,137,181,135,197,155,177,153,162,148,175,144,188,27.0185,22.8473,18.3848,67.6018,27.5136,16.7631,15.5242,59.7746,27.0185,17.1172,14.0357,58.1378,11.7047,22.0907,16.1245,28.1603,15.1327,13.9284,13.6015,15.5563,-1.2353,-2.3333,-2.4286,-1.7879,-2.8889,-3.2,-3.75,-3.1667,-27.0,-8.5,-14.0,-14.5,-2.75,11.0,8.0,3.375,-7.5,2.6,3.25,1.0,3
161,224,142,212,126,192,118,172,111,156,136,163,129,136,125,121,121,106,149,161,148,134,148,119,148,105,161,165,160,155,158,175,156,191,173,172,173,159,168,172,166,185,25.6125,21.5407,17.4642,64.0078,27.8927,15.5242,15.5242,58.9406,27.0185,15.0,14.0,56.0089,10.0499,20.0998,16.1245,26.4764,13.0,13.9284,13.1529,14.7648,-1.25,-2.5,-2.2857,-1.8065,-3.8571,-3.75,-3.75,-3.8,-27.0,0,0,-56.0,-10.0,10.0,8.0,5.2,0,2.6,6.5,1.8571,3
170,224,152,212,136,191,128,171,122,153,145,162,138,136,135,121,132,106,158,160,158,134,158,119,158,106,170,165,170,154,168,175,166,190,182,172,182,158,178,172,175,184,26.4008,21.5407,18.9737,66.1891,26.9258,15.2971,15.2971,57.4891,26.0,15.0,13.0,54.0,11.0,21.095,15.1327,25.318,14.0,14.5602,12.3693,13.8924,-1.3125,-2.5,-3.0,-1.9667,-3.7143,-5.0,-5.0,-4.3077,0,0,0,0,0,10.5,7.5,6.25,0,3.5,4.0,1.7143,3
178,226,159,214,144,193,135,173,130,155,152,164,146,138,142,122,140,108,165,163,165,137,165,122,167,109,177,167,179,157,176,177,174,193,189,173,189,161,186,173,184,184,25.807,21.9317,18.6815,65.7419,26.6833,16.4924,14.1421,57.2713,26.0,15.0,13.1529,54.037,10.198,20.2237,16.1245,26.1725,12.0,12.3693,11.1803,12.083,-1.4,-2.2222,-3.6,-2.0345,-4.3333,-4.0,-7.0,-4.6667,0,0,6.5,27.0,5.0,6.6667,8.0,8.6667,0,4.0,5.5,2.2,3
185,231,166,218,151,196,143,176,138,158,160,167,153,140,150,125,148,110,172,166,172,140,173,125,175,113,184,170,186,161,183,181,182,197,196,177,197,165,194,178,193,189,26.6271,21.5407,18.6815,66.2118,27.8927,15.2971,15.1327,58.2495,26.0,15.0333,12.1655,53.0848,9.2195,20.2237,16.0312,27.074,12.0416,13.3417,11.0454,12.3693,-1.4667,-2.5,-3.6,-2.1429,-3.8571,-5.0,-7.5,-4.75,0,15.0,6.0,17.6667,4.5,6.6667,16.0,13.5,12.0,4.3333,11.0,4.0,3
193,236,176,221,162,199,155,178,150,160,170,171,165,145,162,129,161,114,183,171,183,145,186,130,190,118,195,176,199,166,196,187,193,202,206,184,209,171,206,184,203,195,26.0768,22.1359,18.6815,66.3099,26.4764,16.2788,15.0333,57.7062,26.0,15.2971,12.6491,53.4603,10.7703,21.2132,15.2971,26.0768,13.3417,13.3417,11.4018,11.4018,-1.5714,-3.0,-3.6,-2.3462,-5.2,-5.3333,-15.0,-6.3333,0,5.0,3.0,7.5714,2.5,7.0,5.0,13.0,4.3333,4.3333,3.6667,3.6667,3
197,236,181,221,168,198,160,177,156,158,175,170,171,143,169,128,167,113,188,170,189,145,192,130,196,117,200,176,205,166,200,187,197,203,211,183,214,171,210,184,207,195,26.4197,22.4722,19.4165,67.7791,27.2947,15.1327,15.1327,57.5587,25.02,15.2971,13.6015,53.6004,11.1803,21.587,16.2788,27.1662,12.3693,13.6015,11.4018,12.6491,-1.7692,-2.625,-4.75,-2.52,-6.75,-7.5,-7.5,-7.125,25.0,5.0,3.25,6.625,2.0,4.2,5.3333,9.0,4.0,3.25,3.6667,3.0,3
199,235,182,221,169,199,162,177,157,159,177,170,172,144,170,129,169,114,189,171,190,146,193,131,197,119,201,176,205,166,202,187,198,202,212,184,215,172,212,183,209,193,25.5539,23.0868,18.6815,66.8506,26.4764,15.1327,15.0333,56.5685,25.02,15.2971,12.6491,52.6118,10.7703,21.2132,15.5242,26.1725,12.3693,11.4018,10.4403,9.4868,-1.6923,-3.1429,-3.6,-2.48,-5.2,-7.5,-15.0,-7.0,25.0,5.0,3.0,6.5,2.5,7.0,3.75,8.6667,4.0,3.6667,3.3333,3.0,3
207,236,192,221,179,199,173,179,169,161,188,172,184,145,182,130,181,116,200,172,201,147,205,133,209,123,211,178,216,171,212,190,209,205,222,186,226,175,223,186,220,195,25.5539,20.8806,18.4391,64.2573,27.2947,15.1327,14.0357,56.4358,25.02,14.5602,10.7703,49.8197,8.6023,19.4165,15.2971,27.074,11.7047,11.4018,9.4868,9.2195,-1.6923,-3.3333,-4.5,-2.6087,-6.75,-7.5,-14.0,-8.0,25.0,3.5,2.5,5.4444,1.4,4.75,5.0,13.5,2.75,3.6667,3.0,4.5,3
213,243,199,228,189,204,184,183,181,164,197,178,195,151,194,135,194,121,209,179,213,153,219,140,224,129,220,186,227,179,222,199,217,213,231,196,237,186,233,196,229,204,26.0,21.587,19.2354,66.4831,27.074,16.0312,14.0,57.0789,26.3059,14.3178,12.083,52.2015,9.8995,20.6155,14.8661,27.1662,11.6619,10.7703,8.9443,8.2462,-2.4,-4.2,-6.3333,-3.5556,-13.5,-16.0,0,-19.0,6.5,2.1667,2.2,3.3333,1.0,4.0,2.8,9.0,1.6667,2.5,2.0,4.0,3
218,224,204,208,193,187,188,166,184,148,201,162,199,135,199,120,199,106,213,163,217,138,223,125,228,114,224,169,231,162,228,180,223,193,234,178,240,168,238,177,233,185,23.7065,21.587,18.4391,63.2456,27.074,15.0,14.0,56.0357,25.318,14.3178,12.083,51.2445,9.8995,18.2483,13.9284,24.0208,11.6619,9.2195,9.434,7.0711,-1.9091,-4.2,-4.5,-3.0,-13.5,0,0,-28.0,6.25,2.1667,2.2,3.2667,1.0,6.0,2.6,24.0,1.6667,4.5,1.6,7.0,3
218,216,205,200,193,179,188,158,185,141,202,154,200,128,199,113,200,99,214,155,218,131,224,118,230,106,225,162,232,154,228,172,223,185,234,172,241,161,238,171,234,178,24.1868,21.587,17.2627,62.2977,26.0768,15.0333,14.0357,55.0364,24.3311,14.3178,13.4164,51.5461,10.6301,18.4391,13.9284,23.0868,13.0384,10.4403,8.0623,6.0,-1.75,-4.2,-5.6667,-2.95,-13.0,-15.0,14.0,-27.5,6.0,2.1667,2.0,3.0625,1.1429,4.5,2.6,11.5,1.5714,3.3333,1.75,0,3
211,191,196,176,185,154,181,134,177,117,194,131,192,105,191,90,191,76,207,132,211,107,216,92,221,79,218,138,224,129,220,147,215,160,228,147,234,136,232,144,228,151,24.5967,20.3961,17.4642,61.9839,26.0768,15.0333,14.0,55.0818,25.318,15.8114,13.9284,54.8179,10.8167,18.4391,13.9284,22.2036,12.53,8.2462,8.0623,4.0,-2.0,-5.0,-4.25,-3.1053,-13.0,-15.0,0,-18.3333,6.25,3.0,2.6,3.7857,1.5,4.5,2.6,7.3333,1.8333,4.0,1.75,0,3
209,187,194,171,182,149,177,129,173,112,191,126,189,101,188,86,187,71,203,127,208,103,213,88,218,75,214,133,221,124,216,142,212,155,224,142,230,130,227,137,224,145,25.0599,20.6155,17.4642,62.6259,25.0799,15.0333,15.0333,55.1453,24.5153,15.8114,13.9284,54.1202,11.4018,18.6815,13.6015,22.0907,13.4164,7.6158,8.544,3.0,-1.8333,-4.0,-4.25,-2.8095,-12.5,-15.0,-15.0,-13.75,4.8,3.0,2.6,3.4667,1.2857,3.6,3.25,11.0,2.0,2.3333,2.6667,0,3
111,188,92,185,72,176,56,169,43,167,76,136,63,116,55,105,48,94,87,130,82,101,77,84,74,67,100,131,98,119,99,141,100,155,113,136,111,123,109,136,108,147,21.9317,17.4642,13.1529,52.2015,23.8537,13.6015,13.0384,50.4777,29.4279,17.72,17.2627,64.3273,12.1655,22.0227,14.0357,24.0,13.1529,13.1529,11.0454,12.083,-0.45,-0.4375,-0.1538,-0.3673,-1.5385,-1.375,-1.5714,-1.5,-5.8,-3.4,-5.6667,-4.8462,-6.0,-22.0,-14.0,0,-6.5,6.5,11.0,2.2,3
112,193,93,191,73,180,58,172,45,172,80,139,69,117,63,103,58,90,92,134,89,105,86,88,84,72,104,136,104,124,103,146,103,161,117,141,116,129,113,144,111,156,22.8254,17.0,13.0,51.6236,24.5967,15.2315,13.9284,53.7122,29.1548,17.2627,16.1245,62.514,12.0,22.0227,15.0,25.02,12.0416,15.2971,12.1655,16.1555,-0.55,-0.5333,0.0,-0.3958,-2.0,-2.3333,-2.6,-2.2273,-9.6667,-5.6667,-8.0,-7.75,0,22.0,0,25.0,-12.0,5.0,6.0,2.5,3
112,193,93,191,73,179,59,169,46,169,80,139,72,116,66,103,61,90,93,135,92,107,90,92,87,79,105,137,105,126,104,148,104,162,118,142,116,130,113,145,111,157,23.3238,17.2047,13.0,51.8941,24.3516,14.3178,13.9284,52.5547,28.0179,15.1327,13.3417,56.3205,11.0,22.0227,14.0,25.02,12.1655,15.2971,12.1655,16.5529,-0.6,-0.7143,0.0,-0.4681,-2.875,-2.1667,-2.6,-2.5789,-28.0,-7.5,-4.3333,-9.3333,0,22.0,0,25.0,-6.0,5.0,6.0,2.1429,3
111,190,92,188,73,177,59,169,46,168,79,137,69,115,63,102,58,90,91,133,90,105,87,89,84,75,104,135,103,125,103,145,103,159,116,141,114,130,112,144,110,155,21.9545,16.1245,13.0384,50.1597,24.1661,14.3178,13.0,51.4782,28.0179,16.2788,14.3178,58.4209,10.0499,20.0,14.0,24.0208,11.1803,14.1421,11.1803,15.2315,-0.5789,-0.5714,-0.0769,-0.4348,-2.2,-2.1667,-2.4,-2.2381,-28.0,-5.3333,-4.6667,-8.2857,-10.0,0,0,24.0,-5.5,7.0,5.5,2.3333,3
88,167,66,165,44,156,27,149,13,146,50,117,33,98,23,87,16,76,63,109,57,78,52,58,50,40,76,109,69,98,68,116,70,129,89,114,83,100,78,108,76,117,23.7697,18.3848,14.3178,56.3028,25.4951,14.8661,13.0384,53.2635,31.5753,20.6155,18.1108,70.214,13.0384,18.0278,13.1529,20.8806,15.2315,9.434,9.2195,13.3417,-0.4091,-0.4118,-0.2143,-0.3585,-1.1176,-1.1,-1.5714,-1.2059,-5.1667,-4.0,-9.0,-5.3077,-1.5714,18.0,-6.5,3.3333,-2.3333,1.6,4.5,0.2308,3
82,158,58,156,36,146,18,137,2,132,44,104,27,83,17,69,9,56,56,96,50,63,46,42,44,23,69,97,62,84,61,108,64,125,83,101,77,86,71,97,68,108,24.1661,20.1246,16.7631,60.9262,27.0185,17.2047,15.2643,59.4054,33.541,21.3776,19.105,73.9797,14.7648,24.0208,17.2627,28.4429,16.1555,12.53,11.4018,16.5529,-0.4545,-0.5,-0.3125,-0.4286,-1.2353,-1.4,-1.625,-1.3714,-5.5,-5.25,-9.5,-6.0833,-1.8571,24.0,-5.6667,5.6,-2.5,1.8333,3.6667,0.4667,3
82,157,57,154,33,144,16,134,0,129,41,101,24,79,14,66,5,53,55,93,49,58,45,35,42,15,69,94,62,82,61,105,63,122,83,98,77,83,71,94,69,105,26.0,19.7231,16.7631,62.2415,27.8029,16.4012,15.8114,60.0,35.5106,23.3452,20.2237,79.0759,13.8924,23.0217,17.1172,28.6356,16.1555,12.53,11.1803,15.6525,-0.4167,-0.5882,-0.3125,-0.4386,-1.2941,-1.3,-1.4444,-1.3333,-5.8333,-5.75,-6.6667,-6.0,-1.7143,23.0,-8.5,4.6667,-2.5,1.8333,5.5,0.5,3
104,167,81,160,59,144,43,130,28,121,69,101,59,72,54,54,50,38,83,97,81,61,79,39,78,21,97,100,93,88,91,111,90,127,110,107,107,91,103,102,100,112,27.2029,21.2603,17.4929,65.8027,30.6757,18.6815,16.4924,65.8027,36.0555,22.0907,18.0278,76.1643,12.6491,23.0868,16.0312,27.8927,16.2788,11.7047,10.4403,11.1803,-0.7273,-0.875,-0.6,-0.7358,-2.9,-3.6,-4.0,-3.3158,-18.0,-11.0,-18.0,-15.2,-3.0,11.5,16.0,3.8571,-5.3333,2.75,3.3333,0.5,3
115,171,94,163,73,146,58,132,44,123,83,106,71,80,64,64,57,50,97,103,95,67,94,44,93,24,111,106,110,96,107,117,106,133,125,114,124,99,120,110,118,120,27.0185,20.5183,16.6433,64.0312,28.6356,17.4642,15.6525,61.7414,36.0555,23.0217,20.025,79.1012,10.0499,21.2132,16.0312,27.4591,15.0333,11.7047,10.198,9.2195,-0.8095,-0.9333,-0.6429,-0.8,-2.1667,-2.2857,-2.0,-2.1538,-18.0,-23.0,-20.0,-19.75,-10.0,7.0,16.0,5.4,-15.0,2.75,5.0,0.8571,3
134,175,115,167,97,149,84,133,72,124,105,112,95,85,89,69,85,53,118,109,118,77,118,56,118,38,131,114,132,104,129,126,128,142,144,121,144,107,140,120,137,131,25.4558,20.6155,15.0,60.8112,28.7924,17.088,16.4924,62.2977,32.0,21.0,18.0,71.0,10.0499,22.2036,16.0312,28.1603,14.0,13.6015,11.4018,12.2066,-1.0,-1.2308,-0.75,-1.0,-2.7,-2.6667,-4.0,-2.95,0,0,0,0,10.0,7.3333,16.0,9.3333,0,3.25,3.6667,1.4286,3
143,182,123,171,107,150,97,131,86,120,117,118,108,91,103,74,99,58,130,116,132,83,133,63,136,44,142,120,146,111,143,132,141,147,155,128,157,114,154,125,151,135,26.4008,21.4709,15.5563,63.0079,28.4605,17.72,16.4924,62.6418,33.0606,20.025,19.2354,72.2496,9.8489,21.2132,15.1327,27.0185,14.1421,11.4018,10.4403,8.0623,-1.3125,-1.9,-1.0,-1.3784,-3.0,-3.4,-4.0,-3.3333,16.5,20.0,6.3333,12.0,2.25,7.0,7.5,27.0,7.0,3.6667,3.3333,1.75,3
152,188,139,177,128,160,127,140,127,122,127,126,118,100,113,85,110,70,140,123,142,93,143,74,146,57,153,128,156,118,153,139,151,153,164,136,167,122,164,134,161,144,20.2485,20.025,18.0,56.2939,27.5136,15.8114,15.2971,58.5235,30.0666,19.0263,17.2627,66.2722,10.4403,21.2132,14.1421,25.0799,14.3178,12.3693,10.4403,8.544,-1.5455,-20.0,0,-4.5833,-2.8889,-3.0,-5.0,-3.2941,15.0,19.0,5.6667,11.0,3.3333,7.0,7.0,12.5,4.6667,4.0,3.3333,2.6667,3
171,201,154,191,142,171,136,151,130,136,144,141,138,120,137,107,138,95,157,139,156,114,157,100,159,87,169,142,172,131,170,152,168,167,181,148,184,135,181,147,178,158,23.3238,20.8806,16.1555,60.0083,21.8403,13.0384,12.0416,46.3897,25.02,14.0357,13.1529,52.0384,11.4018,21.095,15.1327,25.02,13.3417,12.3693,11.4018,10.4403,-1.6667,-3.3333,-2.5,-2.2917,-3.5,-13.0,12.0,-7.6667,-25.0,14.0,6.5,26.0,3.6667,10.5,7.5,25.0,4.3333,4.0,3.6667,3.3333,3
173,202,156,188,140,169,129,151,121,136,153,138,149,116,149,102,150,89,165,137,167,109,170,92,174,76,177,142,182,132,177,153,173,168,189,150,192,138,187,150,184,159,24.8395,21.095,17.0,62.6817,22.3607,14.0,13.0384,49.0918,28.0713,17.2627,16.4924,61.6604,11.1803,21.587,15.5242,26.3059,12.3693,13.0,9.4868,10.2956,-1.1875,-1.6364,-1.875,-1.4857,-5.5,0,13.0,-16.3333,14.0,5.6667,4.0,6.7778,2.0,4.2,3.75,6.5,4.0,2.4,3.0,1.8,3
175,201,158,187,144,165,134,148,124,137,157,138,155,115,155,101,156,87,170,138,173,113,176,98,180,84,182,143,187,137,182,157,178,171,193,152,197,141,194,153,190,162,26.0768,19.7231,14.8661,60.4649,23.0868,14.0,14.0357,51.0098,25.1794,15.2971,14.5602,54.9181,7.8102,20.6155,14.5602,28.2843,11.7047,12.3693,9.8489,10.4403,-1.5714,-1.7,-1.1,-1.4706,-11.5,0,14.0,-51.0,8.3333,5.0,3.5,5.4,1.2,4.0,3.5,7.0,2.75,4.0,2.25,3.3333,3
178,201,162,187,149,166,139,150,129,139,166,137,163,112,163,97,162,84,178,139,180,113,183,99,186,87,189,146,191,140,185,159,181,172,200,157,202,146,197,157,193,165,24.6982,18.868,14.8661,58.2495,25.1794,15.0,13.0384,53.1507,26.0768,14.3178,12.3693,52.6118,6.3246,19.9249,13.6015,27.2029,11.1803,12.083,8.9443,10.6301,-1.6154,-1.6,-1.1,-1.4545,-8.3333,0,-13.0,-13.25,13.0,4.6667,4.0,6.5,3.0,3.1667,3.25,3.25,5.5,2.2,2.0,1.1429,3
189,197,175,184,164,166,160,150,157,135,177,137,174,113,173,98,172,84,189,137,191,110,193,93,196,77,200,144,204,134,198,151,193,164,210,155,213,144,208,154,203,163,21.095,16.4924,15.2971,52.2015,24.1868,15.0333,14.0357,53.2353,27.074,17.1172,16.2788,60.407,10.7703,18.0278,13.9284,21.1896,11.4018,11.1803,10.2956,10.6301,-1.6364,-4.0,-5.0,-2.7222,-8.0,-15.0,-14.0,-10.6,13.5,8.5,5.3333,8.5714,2.5,2.8333,2.6,2.8571,3.6667,2.0,1.8,1.1429,3
189,184,174,167,164,145,160,125,155,109,176,120,173,94,171,78,171,63,188,121,193,93,197,76,202,61,199,129,206,121,198,138,193,151,209,141,214,129,210,139,206,146,24.1661,20.3961,16.7631,61.0328,26.1725,16.1245,15.0,57.2189,28.4429,17.4642,15.8114,61.6117,10.6301,18.7883,13.9284,22.8035,13.0,10.7703,8.0623,5.831,-2.2,-5.0,-3.2,-3.0526,-8.6667,-8.0,0,-11.4,5.6,4.25,3.0,4.2857,1.1429,2.125,2.6,3.6667,2.4,2.5,1.75,1.6667,3
187,153,173,135,162,113,155,94,147,83,178,90,175,63,174,48,175,33,189,91,195,63,200,45,205,30,199,99,203,90,196,105,191,118,209,110,213,97,208,103,203,110,24.5967,20.2485,13.6015,58.1378,27.1662,15.0333,15.0333,57.0789,28.6356,18.6815,15.8114,63.0635,9.8489,16.5529,13.9284,20.6155,13.6015,7.8102,8.6023,6.0,-2.0,-2.7143,-1.375,-2.0,-9.0,-15.0,15.0,-19.0,4.6667,3.6,3.0,3.8125,2.25,2.1429,2.6,2.375,3.25,1.2,1.4,0.0,3
204,156,192,139,183,114,178,96,171,84,199,96,196,71,195,55,195,42,211,98,219,72,226,55,232,42,221,106,227,99,219,113,213,125,230,118,237,108,233,113,229,118,26.5707,18.6815,13.8924,58.8727,25.1794,16.0312,13.0,54.1479,27.2029,18.3848,14.3178,59.808,9.2195,16.1245,13.4164,20.6155,12.2066,6.4031,6.4031,1.0,-2.7778,-3.6,-1.7143,-2.619,-8.3333,-16.0,0,-13.5,3.25,2.4286,2.1667,2.6667,1.1667,1.75,2.0,2.375,1.4286,1.25,1.25,0.0,3
206,152,193,136,184,113,180,95,173,83,200,95,197,71,195,56,195,43,212,97,220,72,226,55,231,43,221,105,226,97,219,109,214,121,230,115,236,104,234,106,230,110,24.6982,18.4391,13.8924,56.648,24.1868,15.1327,13.0,52.2398,26.2488,18.0278,13.0,57.2451,9.434,13.8924,13.0,17.4642,12.53,2.8284,5.6569,5.0,-2.5556,-4.5,-1.7143,-2.65,-8.0,-7.5,0,-10.4,3.125,2.8333,2.4,2.8421,1.6,1.7143,2.4,2.2857,1.8333,1.0,1.0,0,3
203,144,190,126,182,106,178,88,172,77,197,88,194,65,193,52,194,40,207,89,214,66,220,51,227,38,216,97,222,88,215,101,209,113,224,107,231,97,228,100,224,105,21.5407,18.4391,12.53,52.2015,23.1948,13.0384,12.0416,48.0937,24.0416,16.1555,14.7648,54.7814,10.8167,14.7648,13.4164,17.4642,12.2066,4.2426,6.4031,2.0,-2.5,-4.5,-1.8333,-2.7222,-7.6667,-13.0,12.0,-16.0,3.2857,2.5,1.8571,2.55,1.5,1.8571,2.0,2.2857,1.4286,1.0,1.25,0,3
195,139,183,126,175,105,170,88,164,78,189,87,186,65,184,52,185,41,199,89,206,64,211,49,216,37,208,95,212,86,206,98,201,109,216,105,221,93,219,95,216,98,22.4722,17.72,11.6619,51.6236,22.2036,13.1529,11.0454,46.1736,25.9615,15.8114,13.0,54.7083,9.8489,13.4164,12.083,15.6525,13.0,2.8284,4.2426,7.0,-2.625,-3.4,-1.6667,-2.5263,-7.3333,-6.5,11.0,-11.5,3.5714,3.0,2.4,3.0588,2.25,2.0,2.2,2.0,2.4,1.0,1.0,0,3
191,136,178,121,169,100,163,84,157,74,183,84,179,62,177,49,177,38,194,85,200,59,204,44,208,31,203,91,205,81,199,92,194,103,211,100,215,88,211,90,207,94,22.8473,17.088,11.6619,51.4782,22.3607,13.1529,11.0,46.3897,26.6833,15.5242,13.6015,55.7853,10.198,12.53,12.083,15.0,12.6491,4.4721,5.6569,7.2111,-2.3333,-2.6667,-1.6667,-2.2381,-5.5,-6.5,0,-7.6667,4.3333,3.75,3.25,3.8571,5.0,1.8333,2.2,1.3333,3.0,0.5,1.0,-1.5,3
180,135,167,122,157,102,151,86,144,76,170,84,165,63,163,51,162,40,181,84,185,58,188,43,191,31,190,88,191,78,185,91,182,102,199,96,201,84,197,89,193,96,22.3607,17.088,12.2066,51.4296,21.587,12.1655,11.0454,44.7214,26.3059,15.2971,12.3693,53.9351,10.0499,14.3178,11.4018,16.1245,12.1655,6.4031,8.0623,6.0,-2.0,-2.6667,-1.4286,-2.0,-4.2,-6.0,-11.0,-5.5,6.5,5.0,4.0,5.3,10.0,2.1667,3.6667,1.75,6.0,1.25,1.75,0.0,3
167,135,153,121,142,104,136,88,129,79,156,85,150,64,147,52,146,42,165,84,169,59,170,44,173,31,174,88,175,77,169,90,166,102,183,96,184,83,179,87,175,94,20.2485,17.088,11.4018,48.3735,21.8403,12.3693,10.0499,44.1475,25.318,15.0333,13.3417,53.6004,11.0454,14.3178,12.3693,16.1245,13.0384,6.4031,8.0623,8.2462,-1.5455,-2.6667,-1.2857,-1.75,-3.5,-4.0,-10.0,-4.3,6.25,15.0,4.3333,6.625,11.0,2.1667,4.0,1.75,13.0,0.8,1.75,-0.25,3
154,137,139,124,128,106,122,91,115,81,140,87,134,66,131,53,130,42,150,86,152,60,154,44,156,31,159,90,159,78,154,93,152,105,167,98,168,84,163,90,159,97,21.095,16.1555,12.2066,49.2443,21.8403,13.3417,11.0454,46.0977,26.0768,16.1245,13.1529,55.3263,12.0,15.8114,12.1655,16.5529,14.0357,7.8102,8.0623,8.0623,-1.6364,-2.5,-1.4286,-1.7917,-3.5,-4.3333,-11.0,-4.5,13.0,8.0,6.5,9.1667,0,3.0,6.0,2.1429,14.0,1.2,1.75,-0.125,3
142,153,127,139,118,120,114,103,109,91,130,100,126,78,124,66,124,55,140,99,144,74,146,58,148,46,148,105,149,92,144,107,141,119,157,114,157,102,151,109,147,117,21.0238,17.4642,13.0,51.264,22.3607,12.1655,11.0,45.3982,25.318,16.1245,12.1655,53.6004,13.0384,15.8114,12.3693,15.6525,12.0,9.2195,8.9443,10.4403,-2.1111,-4.25,-2.4,-2.6667,-5.5,-6.0,0,-7.5,6.25,8.0,6.0,6.625,13.0,3.0,4.0,2.0,0,1.1667,2.0,0.3,3
133,162,118,150,108,131,104,115,98,103,121,108,119,87,118,75,117,64,132,108,135,83,137,67,139,55,140,114,140,102,135,117,132,129,149,123,149,111,143,118,138,125,21.4709,16.4924,13.4164,51.0784,21.095,12.0416,11.0454,44.1814,25.1794,16.1245,12.1655,53.4603,12.0,15.8114,12.3693,17.0,12.0,9.2195,8.6023,11.1803,-1.9,-4.0,-2.0,-2.35,-10.5,-12.0,-11.0,-11.0,8.3333,8.0,6.0,7.5714,0,3.0,4.0,1.875,0,1.1667,1.4,0.1818,3
113,193,96,184,83,170,75,158,68,148,95,143,90,125,87,114,84,104,105,142,106,120,104,107,102,97,114,146,111,138,108,154,107,167,123,153,121,141,116,150,112,159,19.105,14.4222,12.2066,45.607,18.6815,11.4018,10.4403,40.5216,22.0227,13.1529,10.198,45.0999,8.544,16.2788,13.0384,22.1359,12.1655,10.2956,9.8489,12.53,-1.0769,-1.5,-1.4286,-1.2857,-3.6,-3.6667,-3.3333,-3.5455,22.0,-6.5,-5.0,-15.0,-2.6667,5.3333,13.0,3.0,-6.0,1.8,2.25,0.5455,3
112,198,96,190,83,176,75,165,68,155,96,150,91,132,87,121,85,112,106,149,105,127,103,116,101,107,115,153,111,146,108,161,108,172,123,159,119,149,115,159,112,169,19.105,13.6015,12.2066,44.8219,18.6815,11.7047,9.2195,39.5601,22.0227,11.1803,9.2195,42.2966,8.0623,15.2971,11.0,20.2485,10.7703,10.7703,10.4403,14.8661,-1.0769,-1.375,-1.4286,-1.25,-3.6,-2.75,-4.5,-3.4545,-22.0,-5.5,-4.5,-8.4,-1.75,5.0,0,2.7143,-2.5,2.5,3.3333,0.9091,3
110,204,95,196,83,184,75,173,68,164,95,157,90,140,87,129,84,120,104,156,103,137,101,126,99,117,112,160,109,153,107,169,106,180,121,166,118,156,113,165,111,174,16.9706,13.6015,11.4018,41.8688,17.72,11.4018,9.4868,38.6005,19.0263,11.1803,9.2195,39.3192,7.6158,16.1245,11.0454,20.8806,10.4403,10.2956,9.2195,12.8062,-1.0,-1.375,-1.2857,-1.1852,-3.4,-3.6667,-3.0,-3.3636,-19.0,-5.5,-4.5,-7.8,-2.3333,8.0,11.0,3.3333,-3.3333,1.8,4.5,0.8,3
116,212,101,204,90,188,84,175,78,165,102,164,99,146,97,135,95,126,112,164,113,144,112,134,110,127,120,168,117,160,114,176,113,187,128,174,126,165,121,175,118,183,19.4165,14.3178,11.6619,45.2769,18.2483,11.1803,9.2195,38.6394,20.025,10.0499,7.2801,37.054,8.544,16.2788,11.0454,20.2485,9.2195,11.1803,8.544,13.4536,-1.4545,-2.1667,-1.6667,-1.6957,-6.0,-5.5,-4.5,-5.4286,20.0,-10.0,-3.5,-18.5,-2.6667,5.3333,11.0,2.7143,-4.5,2.0,2.6667,0.9,3
119,216,105,209,94,194,87,182,79,176,106,171,102,154,100,143,99,134,115,170,115,150,114,139,112,130,123,174,120,167,117,181,116,193,132,180,129,170,124,178,121,187,18.6011,13.8924,10.0,42.0119,17.4642,11.1803,9.0554,37.6563,20.0,11.0454,9.2195,40.1123,7.6158,14.3178,12.0416,20.2485,10.4403,9.434,9.4868,13.0384,-1.3636,-1.7143,-0.75,-1.2692,-4.25,-5.5,-9.0,-5.2857,0,-11.0,-4.5,-13.3333,-2.3333,4.6667,12.0,2.7143,-3.3333,1.6,3.0,0.6364,3
117,222,104,214,94,200,88,188,82,182,103,180,98,163,95,152,93,142,112,179,114,159,115,146,117,136,119,182,120,176,117,188,115,198,127,188,128,178,124,185,122,192,17.2047,13.4164,8.4853,38.833,17.72,11.4018,10.198,39.2938,20.0998,13.0384,10.198,43.2897,6.0828,12.3693,10.198,16.4924,10.0499,8.0623,7.2801,6.4031,-1.4,-2.0,-1.0,-1.4545,-3.4,-3.6667,-5.0,-3.8,10.0,13.0,5.0,8.6,6.0,4.0,5.0,4.0,10.0,1.75,3.5,0.8,3
118,221,105,214,95,199,90,188,84,182,104,179,100,163,97,153,95,144,113,179,115,160,117,148,119,138,120,183,121,177,117,189,116,198,128,189,128,180,125,187,122,194,18.0278,12.083,8.4853,38.2753,16.4924,10.4403,9.2195,36.1386,19.105,12.1655,10.198,41.4367,6.0828,12.6491,9.0554,15.5242,9.0,7.6158,7.6158,7.8102,-1.5,-2.2,-1.0,-1.5238,-4.0,-3.3333,-4.5,-3.8889,9.5,6.0,5.0,6.8333,6.0,3.0,9.0,3.75,0,2.3333,2.3333,0.8333,3
117,218,104,212,95,198,90,187,85,181,105,178,101,163,98,153,96,144,113,179,115,160,117,148,119,138,120,183,120,176,117,188,115,197,126,188,127,180,124,187,122,193,16.6433,12.083,7.8102,36.3593,15.5242,10.4403,9.2195,35.171,19.105,12.1655,10.198,41.4367,7.0,12.3693,9.2195,14.8661,8.0623,7.6158,6.3246,6.4031,-1.5556,-2.2,-1.2,-1.6316,-3.75,-3.3333,-4.5,-3.7778,9.5,6.0,5.0,6.8333,0,4.0,4.5,2.8,8.0,2.3333,3.0,1.25,3
117,209,106,201,98,188,94,177,89,171,109,170,106,154,104,144,103,135,117,170,119,153,120,142,122,132,124,174,122,170,118,181,117,190,130,180,128,174,125,181,123,187,15.2643,11.7047,7.8102,34.4819,16.2788,10.198,9.0554,35.5106,17.1172,11.0454,10.198,38.3275,4.4721,11.7047,9.0554,17.4642,6.3246,7.6158,6.3246,9.8995,-1.625,-2.75,-1.2,-1.7647,-5.3333,-5.0,-9.0,-5.8333,8.5,11.0,5.0,7.6,-2.0,2.75,9.0,2.2857,-3.0,2.3333,3.0,1.0,3
117,195,104,187,96,172,91,160,86,154,107,153,104,136,102,125,101,115,115,154,118,134,120,121,122,111,123,158,122,152,118,164,116,174,130,165,129,157,125,164,122,171,17.0,13.0,7.8102,37.5899,17.2627,11.1803,10.0499,38.4708,20.2237,13.1529,10.198,43.566,6.0828,12.6491,10.198,17.4642,8.0623,8.0623,7.6158,10.0,-1.875,-2.4,-1.2,-1.8333,-5.6667,-5.5,-10.0,-6.3333,6.6667,6.5,5.0,6.1429,-6.0,3.0,5.0,2.2857,-8.0,1.75,2.3333,0.75,3
119,186,106,176,97,160,93,148,87,141,109,141,106,122,105,111,104,101,118,142,122,121,124,108,126,97,126,148,126,140,121,153,118,163,133,155,133,145,129,151,124,159,18.3576,12.6491,9.2195,39.8246,19.2354,11.0454,10.0499,40.3113,21.3776,13.1529,11.1803,45.7056,8.0,13.9284,10.4403,17.0,10.0,7.2111,9.434,9.8489,-1.7778,-3.0,-1.1667,-1.8421,-6.3333,-11.0,-10.0,-8.0,5.25,6.5,5.5,5.625,0,2.6,3.3333,1.875,0,1.5,1.6,0.4444,3
120,180,106,170,96,152,92,139,86,130,111,131,108,111,106,98,105,87,121,132,124,109,125,94,127,82,129,138,128,130,123,144,120,155,137,146,136,135,131,142,128,149,20.5913,13.6015,10.8167,44.7214,20.2237,13.1529,11.0454,44.4072,23.1948,15.0333,12.1655,50.3587,8.0623,14.8661,11.4018,19.2354,11.0454,8.6023,7.6158,9.4868,-1.8,-3.25,-1.5,-2.0,-6.6667,-6.5,-11.0,-7.3333,7.6667,15.0,6.0,8.3333,-8.0,2.8,3.6667,1.8889,-11.0,1.4,2.3333,0.3333,3
121,169,104,156,94,135,89,118,83,107,109,111,106,87,104,73,103,60,120,112,125,86,127,69,129,55,130,119,130,111,123,127,120,141,139,129,139,117,132,125,126,134,23.2594,17.72,12.53,53.3104,24.1868,14.1421,13.0384,51.3517,26.4764,17.1172,14.1421,57.7062,8.0,17.4642,14.3178,24.1661,12.0,10.6301,10.8167,13.9284,-2.1,-3.4,-1.8333,-2.3333,-8.0,-7.0,-13.0,-8.5,5.2,8.5,7.0,6.3333,0,2.2857,4.6667,2.2,0,1.1429,1.5,0.3846,3
122,169,105,155,93,133,88,116,81,105,110,107,106,83,104,69,102,55,121,109,125,81,127,64,129,49,131,116,130,106,124,125,121,139,140,126,140,113,133,123,128,132,25.0599,17.72,13.0384,55.4617,24.3311,14.1421,14.1421,52.6118,28.2843,17.1172,15.1327,60.531,10.0499,19.9249,14.3178,25.0799,13.0,12.2066,10.2956,13.4164,-1.8333,-3.4,-1.5714,-2.0833,-6.0,-7.0,-7.0,-6.5,7.0,8.5,7.5,7.5,-10.0,3.1667,4.6667,2.3,0,1.4286,1.8,0.5,3
126,171,107,157,95,132,89,113,82,101,112,104,108,78,106,61,105,46,125,107,130,77,133,58,136,41,136,115,136,105,129,124,125,139,146,125,146,112,140,122,135,131,27.7308,19.9249,13.8924,61.327,26.3059,17.1172,15.0333,58.4209,30.4138,19.2354,17.2627,66.9104,10.0,20.2485,15.5242,26.4008,13.0,11.6619,10.2956,12.53,-2.0833,-3.1667,-1.7143,-2.24,-6.5,-8.5,-15.0,-8.2857,6.0,6.3333,5.6667,6.0,0,2.7143,3.75,2.1818,0,1.6667,1.8,0.5455,3
139,174,122,156,110,130,104,109,98,94,127,105,123,74,121,56,119,41,140,107,146,74,150,54,153,38,151,116,149,105,144,123,142,137,161,127,160,114,154,127,150,138,28.6356,21.8403,16.1555,66.4831,31.257,18.1108,15.1327,64.4981,33.541,20.3961,16.2788,70.214,11.1803,18.6815,14.1421,22.8473,13.0384,14.3178,11.7047,15.5563,-2.1667,-3.5,-2.5,-2.5833,-7.75,-9.0,-7.5,-8.0,5.5,5.0,5.3333,5.3077,-5.5,3.6,7.0,2.3333,-13.0,2.1667,2.75,1.0,3
163,176,145,158,133,131,128,109,122,93,151,104,148,73,147,54,146,38,165,108,173,75,180,55,186,38,177,117,181,108,172,127,166,141,188,130,192,118,185,129,180,140,29.5466,22.561,17.088,68.9493,31.1448,19.0263,16.0312,66.1891,33.9559,21.1896,18.0278,73.0821,9.8489,21.0238,15.2315,26.4008,12.6491,13.0384,12.083,12.8062,-2.25,-4.4,-2.6667,-2.8261,-10.3333,-19.0,-16.0,-13.2,4.125,2.8571,2.8333,3.3333,2.25,2.1111,2.3333,2.1818,3.0,1.5714,2.2,1.25,3
182,177,164,159,153,132,147,110,142,93,169,104,167,73,165,54,165,37,184,106,193,76,201,56,209,38,196,115,203,111,194,131,187,145,207,128,212,118,207,129,201,139,29.1548,22.8035,17.72,69.5701,31.0644,19.105,17.0,67.1193,31.3209,21.5407,19.6977,72.45,8.0623,21.9317,15.6525,31.3209,11.1803,12.083,11.6619,12.53,-2.4545,-3.6667,-3.4,-3.0,-15.5,-9.5,0,-16.75,3.3333,2.5,2.25,2.72,0.5714,2.2222,2.0,3.3333,2.0,2.2,1.6667,1.8333,3
187,186,170,169,159,142,154,121,149,104,176,115,173,86,172,68,172,52,189,118,198,89,205,71,212,55,201,128,207,121,199,141,193,155,211,140,217,129,212,140,207,148,29.1548,21.587,17.72,68.3081,29.1548,18.0278,16.0,63.1269,30.3645,19.3132,17.4642,67.0671,9.2195,21.5407,15.2315,28.1603,12.53,12.083,9.434,8.9443,-2.4545,-4.2,-3.4,-3.0952,-9.6667,-18.0,0,-15.75,3.2222,2.5714,2.2857,2.7391,1.1667,2.5,2.3333,3.375,1.8333,2.2,1.6,2.0,3
194,221,178,202,166,175,162,153,157,135,184,148,181,117,180,99,181,82,198,151,206,122,214,106,221,91,210,161,217,157,209,176,202,189,221,175,227,166,221,177,214,186,29.5466,22.3607,18.6815,70.214,31.1448,18.0278,17.0294,66.0681,30.0832,17.8885,16.5529,64.2573,8.0623,20.6155,14.7648,29.1204,10.8167,12.53,11.4018,13.0384,-2.25,-5.5,-3.6,-3.1905,-10.3333,-18.0,17.0,-22.0,3.625,2.0,2.1429,2.6087,0.5714,2.375,1.8571,3.5,1.5,1.8333,1.2857,1.5714,3
191,230,176,210,165,182,160,160,155,143,182,155,180,124,179,105,179,89,196,160,204,131,212,114,219,99,208,170,214,166,205,185,198,198,219,183,224,176,218,187,212,196,30.0832,22.561,17.72,70.214,31.0644,19.0263,16.0,66.0681,30.0832,18.7883,16.5529,65.192,7.2111,21.0238,14.7648,29.7321,8.6023,12.53,10.8167,14.7648,-2.5455,-4.4,-3.4,-3.1905,-15.5,-19.0,0,-22.0,3.625,2.125,2.1429,2.6522,0.6667,2.1111,1.8571,2.8,1.4,1.8333,1.5,1.8571,3
176,236,160,217,149,188,144,166,139,148,166,163,163,131,161,111,161,94,180,166,187,136,192,118,198,104,193,175,195,169,187,188,181,202,204,188,208,178,201,191,195,201,31.0161,22.561,18.6815,72.1249,32.1403,20.0998,17.0,69.1809,30.8058,18.6815,15.2315,64.56,6.3246,20.6155,15.2315,29.5466,10.7703,14.7648,11.6619,15.8114,-2.6364,-4.4,-3.6,-3.2857,-10.6667,-10.0,0,-13.8,4.2857,3.6,2.3333,3.4444,3.0,2.375,2.3333,2.25,2.5,1.8571,1.6667,1.4444,3
134,231,115,213,103,185,98,162,93,145,119,156,115,126,112,107,110,91,133,158,136,129,137,111,138,97,145,166,142,159,136,178,132,194,157,179,155,169,148,180,142,192,30.4631,23.5372,17.72,71.4703,30.2655,19.2354,16.1245,65.6201,29.1548,18.0278,14.0357,61.2046,7.6158,19.9249,16.4924,30.8707,10.198,13.0384,13.4164,19.8494,-2.3333,-4.6,-3.4,-3.0909,-7.5,-6.3333,-8.0,-7.2222,9.6667,18.0,14.0,12.2,-2.3333,3.1667,4.0,2.1538,-5.0,1.5714,2.0,0.8667,3
64,254,39,244,20,217,12,193,4,176,37,175,25,142,18,122,11,104,54,171,50,135,44,112,36,93,70,176,60,171,57,197,56,217,86,186,76,178,67,196,61,212,33.0151,25.2982,18.7883,76.4788,35.1141,21.1896,19.3132,75.6108,36.2215,23.7697,20.6155,80.05,11.1803,26.1725,20.025,43.3244,12.8062,20.1246,17.088,36.0694,-1.4211,-3.0,-2.125,-1.9429,-2.75,-2.8571,-2.5714,-2.7308,-9.0,-3.8333,-2.375,-4.3333,-0.5,8.6667,20.0,2.9286,-0.8,2.0,2.6667,1.04,3
77,234,49,224,29,199,19,175,8,160,43,159,28,126,19,106,12,88,60,155,60,114,59,88,58,66,76,160,69,148,65,174,65,192,92,170,85,158,78,175,75,188,32.0156,26.0,18.6011,76.0066,36.2491,21.9317,19.3132,77.4726,41.0,26.0192,22.0227,89.0225,13.8924,26.3059,18.0,33.8378,13.8924,18.3848,13.3417,24.7588,-1.25,-2.4,-1.3636,-1.561,-2.2,-2.2222,-2.5714,-2.2903,0,-26.0,-22.0,-44.5,-1.7143,6.5,0,2.9091,-1.7143,2.4286,4.3333,1.0588,3
86,218,60,208,40,182,30,158,19,143,55,143,40,110,31,88,23,69,72,140,71,98,71,70,71,47,88,145,88,136,82,160,79,178,103,155,102,144,98,159,94,172,32.8024,26.0,18.6011,76.8505,36.2491,23.7697,20.6155,80.6226,42.0119,28.0,23.0,93.0054,9.0,24.7386,18.2483,34.2053,11.0454,15.5242,13.6015,19.2354,-1.3,-2.4,-1.3636,-1.5854,-2.2,-2.4444,-2.375,-2.3125,-42.0,0,0,-93.0,0,4.0,6.0,3.6667,-11.0,3.75,3.25,1.8889,3
94,207,68,199,48,174,39,149,27,133,61,133,48,101,39,81,32,62,78,130,79,90,78,63,79,41,94,136,96,123,91,148,88,166,109,146,109,134,104,150,101,164,32.0156,26.5707,20.0,77.6981,34.5398,21.9317,20.2485,76.6942,40.0125,27.0185,22.0227,89.0056,13.1529,25.4951,18.2483,30.5941,12.0,16.7631,14.3178,19.6977,-1.25,-2.7778,-1.3333,-1.6098,-2.4615,-2.2222,-2.7143,-2.4483,40.0,-27.0,22.0,89.0,6.5,5.0,6.0,5.0,0,3.2,4.6667,2.25,3
99,202,74,196,54,171,44,146,32,130,66,129,52,97,43,77,36,58,83,125,82,84,82,58,83,34,98,130,101,118,97,145,95,164,113,140,115,127,111,145,108,158,32.0156,26.9258,20.0,78.2304,34.9285,21.9317,20.2485,77.0779,41.0122,26.0,24.0208,91.0,12.3693,27.2947,19.105,34.1321,13.1529,18.4391,13.3417,18.6815,-1.25,-2.5,-1.3333,-1.5714,-2.2857,-2.2222,-2.7143,-2.3667,-41.0,0,24.0,0,4.0,6.75,9.5,11.3333,6.5,4.5,4.3333,3.6,3
101,195,76,188,55,164,47,137,35,119,68,120,55,88,47,67,40,47,84,116,85,75,84,48,84,24,101,121,105,109,101,137,98,156,116,131,118,118,115,135,111,148,31.8904,28.1603,21.6333,80.2621,34.5398,22.4722,21.1896,78.1857,41.0122,27.0185,24.0,92.0,12.6491,28.2843,19.2354,35.1283,13.1529,17.2627,13.6015,17.72,-1.1429,-3.375,-1.5,-1.6829,-2.4615,-2.625,-2.8571,-2.6071,41.0,-27.0,0,0,3.0,7.0,6.3333,11.6667,6.5,5.6667,3.25,3.4,3
91,189,64,183,42,157,32,130,21,112,55,113,41,79,33,58,26,38,72,109,73,66,73,38,74,14,89,114,93,100,89,129,86,151,106,125,108,111,104,128,100,141,34.0588,28.7924,21.095,83.006,36.7696,22.4722,21.1896,80.4114,43.0116,28.0,24.0208,95.0211,14.5602,29.2746,22.2036,37.1214,14.1421,17.4642,13.6015,17.088,-1.1818,-2.7,-1.6364,-1.6512,-2.4286,-2.625,-2.8571,-2.5862,43.0,0,24.0,47.5,3.5,7.25,7.3333,12.3333,7.0,4.25,3.25,2.6667,3
85,188,58,182,35,156,26,127,13,108,48,109,34,73,25,50,18,28,66,105,66,59,66,27,66,0,84,111,87,98,83,128,80,150,101,122,103,108,98,127,94,142,34.7131,30.3645,23.0217,86.6083,38.6264,24.6982,23.0868,86.3771,46.0,32.0,27.0,105.0,13.3417,30.2655,22.2036,39.2046,14.1421,19.6469,15.5242,21.1896,-1.1304,-3.2222,-1.4615,-1.6444,-2.5714,-2.5556,-3.1429,-2.7,0,0,0,0,4.3333,7.5,7.3333,9.75,7.0,3.8,3.75,2.8571,3
69,196,40,184,21,152,17,120,8,96,42,107,36,65,31,40,27,17,62,107,70,65,75,38,80,14,80,117,85,115,75,144,68,163,94,131,97,130,90,150,83,163,37.2156,32.249,25.632,93.6376,42.4264,25.4951,23.3452,91.2414,42.7551,27.4591,24.5153,94.7259,5.3852,30.6757,20.2485,47.5395,3.1623,21.1896,14.7648,33.8378,-1.6842,-8.0,-2.6667,-2.75,-7.0,-5.0,-5.75,-6.0,5.25,5.4,4.8,5.1667,0.4,2.9,2.7143,3.8333,0.3333,2.8571,1.8571,2.9091,3
87,204,61,189,42,156,37,125,28,100,61,115,53,72,48,47,45,24,81,116,88,71,95,44,100,20,97,126,102,119,94,145,89,164,112,141,115,133,109,152,102,166,38.0789,31.4006,26.5707,94.921,43.7379,25.4951,23.1948,92.3959,45.5412,27.8927,24.5153,97.8621,8.6023,27.2029,19.6469,38.833,8.544,19.9249,15.6525,26.9258,-1.7368,-6.2,-2.7778,-2.697,-5.375,-5.0,-7.6667,-5.6875,6.4286,3.8571,4.8,5.0526,1.4,3.25,3.8,4.75,2.6667,3.1667,2.0,2.5,3
114,210,91,195,73,164,67,135,59,111,89,124,79,84,73,61,69,39,106,124,111,80,116,52,121,29,122,132,126,124,120,149,115,167,137,146,140,137,135,155,130,168,35.8469,29.6142,25.2982,89.8888,41.2311,23.7697,22.3607,87.3212,44.2832,28.4429,23.5372,96.1769,8.9443,25.7099,18.6815,35.6931,9.4868,18.6815,13.9284,23.0868,-1.7222,-4.8333,-3.0,-2.625,-4.0,-3.8333,-5.5,-4.25,8.8,5.6,4.6,6.3333,2.0,4.1667,3.6,5.0,3.0,3.6,2.6,3.1429,3
136,218,114,202,99,171,94,143,87,119,114,134,106,96,101,73,97,52,132,134,138,93,145,66,152,45,146,142,155,136,149,161,144,179,160,155,168,147,165,163,160,176,34.4384,28.4429,25.0,87.2812,38.833,23.5372,21.3776,83.7437,41.4367,27.8927,22.1359,91.2195,10.8167,25.7099,18.6815,37.054,11.3137,16.2788,13.9284,21.0,-2.0667,-5.6,-3.4286,-3.0741,-4.75,-4.6,-5.25,-4.8235,6.8333,3.8571,3.0,4.45,0.6667,4.1667,3.6,18.5,1.0,5.3333,2.6,0,3
155,229,136,212,123,182,121,151,116,126,138,143,133,105,130,83,129,62,156,144,165,106,174,82,183,61,169,155,180,150,174,174,168,192,181,170,191,160,190,173,187,185,32.6956,31.0644,25.4951,88.295,38.3275,22.2036,21.0238,81.4985,39.0512,25.632,22.8473,87.2812,12.083,24.7386,18.9737,37.0135,14.1421,13.0384,12.3693,16.1555,-2.3077,-15.5,-5.0,-4.3,-7.6,-7.3333,-21.0,-9.0,4.2222,2.6667,2.3333,3.0741,0.4545,4.0,3.0,37.0,1.0,13.0,4.0,-2.5,3
167,230,149,212,138,182,136,153,133,128,152,144,149,108,147,87,146,67,169,146,180,111,190,89,200,71,182,157,193,153,186,176,179,195,193,172,202,161,203,172,201,184,31.9531,29.0689,25.1794,85.5102,36.1248,21.095,20.025,77.2334,36.6879,24.1661,20.5913,81.1542,11.7047,24.0416,20.2485,38.1182,14.2127,11.0454,12.1655,14.4222,-2.7273,-14.5,-8.3333,-5.25,-12.0,-10.5,-20.0,-12.8333,3.1818,2.2,1.8,2.4194,0.3636,3.2857,2.7143,12.6667,1.2222,-11.0,6.0,-1.5,3
171,229,154,211,143,181,142,152,139,128,158,143,155,107,153,85,153,66,174,146,185,111,196,90,206,72,187,157,200,154,194,177,188,195,198,172,208,163,208,175,205,187,31.9531,29.0172,24.1868,84.3445,36.1248,22.0907,19.0,77.1622,36.6879,23.7065,20.5913,80.6226,13.3417,23.7697,18.9737,38.0132,13.4536,12.0,12.3693,16.5529,-2.7273,-29.0,-8.0,-5.5333,-12.0,-11.0,0,-15.4,3.1818,1.9091,1.8,2.3125,0.2308,3.8333,3.0,-38.0,0.9,0,4.0,-2.1429,3
176,226,158,208,148,177,147,149,144,124,164,142,161,106,159,85,159,65,179,144,191,111,202,89,212,72,192,155,204,153,197,176,190,194,202,169,213,160,213,172,211,185,32.573,28.0179,25.1794,85.1587,36.1248,21.095,20.0,77.1622,35.1141,24.5967,19.7231,79.2023,12.1655,24.0416,19.3132,39.0512,14.2127,12.0,13.1529,18.3576,-3.1,-28.0,-8.3333,-6.0,-12.0,-10.5,0,-15.4,2.75,2.0,1.7,2.1818,0.1667,3.2857,2.5714,19.5,0.8182,0,6.5,-1.7778,3
180,227,164,209,153,178,152,149,149,125,168,144,166,108,164,87,164,68,184,146,196,112,206,91,217,74,196,157,208,153,202,176,195,193,206,171,216,162,217,174,216,186,32.8938,29.0172,24.1868,85.3288,36.0555,21.095,19.0,76.1052,36.0555,23.2594,20.2485,79.2023,12.6491,23.7697,18.3848,36.0139,13.4536,12.0416,12.0416,18.0278,-2.8182,-29.0,-8.0,-5.6,-18.0,-10.5,0,-19.0,2.8333,2.1,1.5455,2.1818,0.3333,3.8333,2.4286,36.0,0.9,-12.0,12.0,-1.5,3
191,225,175,208,163,182,159,156,155,135,175,147,171,114,168,93,168,74,191,147,199,115,208,94,217,77,203,155,215,153,210,175,205,192,214,168,224,158,225,168,225,180,28.6356,26.3059,21.3776,75.6902,33.2415,21.2132,19.0,73.3348,32.9848,22.8473,19.2354,74.6726,12.1655,22.561,17.72,37.054,14.1421,10.0499,12.0,16.2788,-2.1667,-6.5,-5.25,-3.65,-8.25,-7.0,0,-10.4286,4.0,2.3333,1.8889,2.6923,0.1667,4.4,3.4,-18.5,1.0,-10.0,0,-1.0909,3
191,224,174,209,162,183,158,157,155,135,175,148,170,116,167,96,166,78,190,149,198,116,206,96,214,79,203,157,213,153,208,175,203,192,214,170,222,159,224,169,223,180,28.6356,26.3059,22.2036,76.4003,32.3883,20.2237,18.0278,70.5762,33.9559,21.5407,18.7883,74.0,10.7703,22.561,17.72,35.0,13.6015,10.198,11.0454,13.4536,-2.1667,-6.5,-7.3333,-3.8947,-6.4,-6.6667,-18.0,-7.7778,4.125,2.5,2.125,2.9167,0.4,4.4,3.4,0,1.375,-5.0,11.0,-1.1111,3
194,220,177,205,165,180,161,155,158,133,177,146,172,114,170,94,168,76,193,146,200,114,208,93,216,77,205,155,214,150,210,171,205,188,216,167,224,156,226,165,226,175,27.7308,25.318,22.2036,74.4648,32.3883,20.0998,18.1108,70.5762,32.7567,22.4722,17.8885,72.7324,10.2956,21.3776,17.72,33.0,13.6015,9.2195,10.0,12.8062,-2.0833,-6.25,-7.3333,-3.7895,-6.4,-10.0,-9.0,-7.7778,4.5714,2.625,2.0,3.0,0.5556,5.25,3.4,0,1.375,-4.5,0,-0.8,3
198,224,182,209,170,184,166,160,163,139,182,150,177,118,175,99,174,81,197,151,204,119,212,99,220,83,209,159,219,155,215,175,210,192,220,172,229,162,230,172,228,183,27.7308,24.3311,21.2132,72.5328,32.3883,19.105,18.0278,69.4622,32.7567,21.5407,17.8885,71.7844,10.7703,20.3961,17.72,33.0151,13.4536,10.0499,11.1803,13.6015,-2.0833,-6.0,-7.0,-3.6842,-6.4,-9.5,-18.0,-8.625,4.5714,2.5,2.0,2.9565,0.4,5.0,3.4,-33.0,1.1111,-10.0,5.5,-1.375,3
204,230,189,216,176,193,171,170,168,150,186,159,180,128,178,110,177,92,200,159,205,129,213,111,220,97,212,166,221,162,219,183,214,199,224,176,233,166,233,177,232,188,26.4197,23.5372,20.2237,69.2604,31.5753,18.1108,18.0278,67.6018,30.4138,19.6977,15.6525,65.146,9.8489,21.095,16.7631,33.0606,13.4536,11.0,11.0454,14.4222,-1.7692,-4.6,-6.6667,-3.1429,-5.1667,-9.0,-18.0,-7.4444,6.0,2.25,2.0,3.1,0.4444,10.5,3.2,-16.5,1.1111,0,11.0,-1.5,3
206,240,189,228,176,206,171,184,167,163,184,173,178,143,175,126,173,109,198,172,201,145,206,128,212,115,210,177,217,173,215,194,212,209,222,186,229,176,229,187,227,197,25.5539,22.561,21.3776,68.6222,30.5941,17.2627,17.1172,64.9384,27.1662,17.72,14.3178,58.6941,8.0623,21.095,15.2971,32.0624,12.2066,11.0,10.198,12.083,-1.6923,-4.4,-5.25,-2.9545,-5.0,-5.6667,-8.5,-5.8182,9.0,3.4,2.1667,4.0714,0.5714,10.5,5.0,-16.0,1.4286,0,5.0,-2.2,3
205,247,189,234,176,213,172,191,169,172,185,181,179,152,176,135,175,119,198,181,201,154,206,138,212,126,211,186,218,182,215,202,211,218,222,195,229,187,228,198,226,207,24.6982,22.3607,19.2354,65.146,29.6142,17.2627,16.0312,62.8013,27.1662,16.7631,13.4164,56.7539,8.0623,20.2237,16.4924,32.0,10.6301,11.0454,9.2195,12.6491,-1.6154,-5.5,-6.3333,-3.1,-4.8333,-5.6667,-16.0,-6.2,9.0,3.2,2.0,3.9286,0.5714,6.6667,4.0,0,1.1429,11.0,4.5,-3.0,3
204,250,188,239,175,217,170,196,168,177,183,186,177,158,175,142,173,126,196,184,199,160,204,146,208,134,207,189,214,188,212,208,209,223,219,196,225,190,225,202,223,211,25.5539,21.587,19.105,65.146,28.6356,16.1245,16.1245,60.8276,24.1868,14.8661,12.6491,51.4198,7.0711,20.0998,15.2971,34.0588,8.4853,12.0,9.2195,15.5242,-1.6923,-4.2,-9.5,-3.1,-4.6667,-8.0,-8.0,-6.0,8.0,2.8,3.0,4.1667,0.1429,10.0,5.0,-17.0,1.0,0,4.5,-3.75,3
213,221,199,207,187,188,181,169,180,151,194,161,190,135,188,120,187,106,207,161,210,137,216,124,221,112,218,167,225,163,222,181,218,195,228,175,235,166,234,175,232,183,22.4722,19.9249,18.0278,59.1354,26.3059,15.1327,14.0357,55.4437,24.1868,14.3178,13.0,50.9608,8.0623,18.2483,14.5602,28.0,11.4018,9.0554,8.2462,8.9443,-1.5833,-3.1667,-18.0,-2.9474,-6.5,-7.5,-14.0,-7.8571,8.0,2.1667,2.4,3.5,0.5714,6.0,3.5,0,1.2857,9.0,4.0,-2.0,3
213,217,199,205,188,186,183,167,181,150,195,160,191,134,188,119,187,105,207,160,211,136,215,122,220,111,217,165,224,161,221,178,218,190,227,173,233,163,233,170,231,177,21.9545,19.6469,17.1172,57.8705,26.3059,15.2971,14.0357,55.5788,24.3311,14.5602,12.083,50.6952,8.0623,17.2627,12.3693,25.02,11.6619,7.0,7.2801,5.6569,-1.7273,-3.8,-8.5,-3.0556,-6.5,-5.0,-14.0,-6.875,6.0,3.5,2.2,3.7692,0.5714,5.6667,4.0,-25.0,1.6667,0,3.5,-1.0,3
201,211,187,197,176,177,172,158,169,142,186,153,182,125,180,110,179,96,198,153,202,126,207,111,212,99,209,158,214,153,210,170,206,183,220,166,225,157,222,168,218,177,22.8254,19.4165,16.2788,57.8705,28.2843,15.1327,14.0357,57.4282,27.2947,15.8114,13.0,55.7853,7.0711,17.4642,13.6015,25.1794,10.2956,11.4018,9.8489,11.1803,-1.8182,-4.75,-5.3333,-3.0556,-7.0,-7.5,-14.0,-8.1429,6.75,3.0,2.4,3.8571,1.0,4.25,3.25,8.3333,1.8,3.6667,2.25,5.5,3
188,207,172,193,159,172,154,152,151,136,171,146,167,119,164,103,163,89,184,146,187,120,191,104,194,92,194,153,199,147,195,164,192,178,205,162,210,150,208,158,205,167,24.6982,20.6155,16.2788,60.7454,27.2947,16.2788,14.0357,57.5587,26.1725,16.4924,12.3693,54.9181,7.8102,17.4642,14.3178,25.0799,13.0,8.2462,9.4868,5.0,-1.6154,-4.0,-5.3333,-2.7143,-6.75,-5.3333,-14.0,-7.125,8.6667,4.0,4.0,5.4,1.2,4.25,4.6667,12.5,2.4,4.0,3.0,0,3
173,198,157,185,144,166,137,148,132,133,159,137,153,111,149,95,147,81,171,137,175,109,179,92,183,78,182,142,187,136,183,154,178,167,192,151,198,143,194,153,190,161,23.0217,19.3132,15.8114,57.6975,26.6833,16.4924,14.1421,57.2713,28.2843,17.4642,14.5602,60.208,7.8102,18.4391,13.9284,25.318,10.0,10.7703,8.9443,10.198,-1.4615,-2.5714,-3.0,-2.08,-4.3333,-4.0,-7.0,-4.6667,7.0,4.25,3.5,4.9167,1.2,4.5,2.6,6.25,1.3333,2.5,2.0,5.0,3
151,200,136,189,121,170,110,156,99,151,134,136,128,111,125,95,122,81,146,136,150,107,153,89,156,73,158,142,163,136,157,155,153,168,168,151,172,144,168,156,164,164,24.2074,17.8045,12.083,53.0377,25.7099,16.2788,14.3178,56.2939,29.2746,18.2483,16.2788,63.7887,7.8102,19.9249,13.6015,26.4764,8.0623,12.6491,8.9443,13.6015,-1.2667,-1.2727,-0.4545,-1.027,-4.1667,-5.3333,-4.6667,-4.5833,7.25,6.0,5.3333,6.3,1.2,3.1667,3.25,5.2,1.75,3.0,2.0,3.25,3
153,203,138,191,124,172,112,157,100,151,139,137,136,111,133,95,132,79,152,138,158,109,162,91,167,75,163,144,170,140,164,159,158,173,174,155,179,147,174,159,170,168,23.6008,19.2094,13.4164,55.1725,26.1725,16.2788,16.0312,58.4209,29.6142,18.4391,16.7631,64.7611,8.0623,19.9249,15.2315,29.4279,9.434,13.0,9.8489,13.6015,-1.3571,-1.25,-0.5,-1.0526,-8.6667,-5.3333,-16.0,-8.2857,4.8333,4.5,3.2,4.2,0.5714,3.1667,2.3333,5.8,1.6,2.4,2.25,3.25,3
151,204,136,189,124,167,114,149,103,139,143,136,142,109,141,93,141,78,156,139,164,111,170,94,176,79,166,148,173,144,166,162,160,174,175,161,181,153,177,163,171,170,25.0599,20.5913,14.8661,59.9083,27.0185,16.0312,15.0,58.0345,29.1204,18.0278,16.1555,63.2456,8.0623,19.3132,13.4164,26.6833,10.0,10.7703,9.2195,9.8489,-1.8333,-1.8,-0.9091,-1.5152,-27.0,-16.0,0,-29.0,3.5,2.8333,2.5,3.0,0.5714,2.5714,2.0,4.3333,1.3333,2.5,1.1667,2.25,3
139,191,126,173,118,148,114,128,106,116,141,126,145,102,147,88,150,76,153,132,166,110,176,97,185,86,161,143,167,143,158,155,149,164,166,156,175,152,170,159,164,163,26.2488,20.3961,14.4222,60.407,24.3311,14.1421,12.3693,50.8035,25.5539,16.4012,14.2127,56.0357,6.0,15.0,12.7279,24.1868,9.8489,8.6023,7.2111,7.2801,-3.125,-5.0,-1.5,-2.85,6.0,7.0,4.0,5.5556,1.6923,1.3,1.2222,1.4375,-0.0,1.3333,1.0,1.75,0.4444,1.4,0.6667,3.5,3
136,190,122,173,115,147,111,128,104,116,137,127,142,103,144,90,146,78,148,133,162,109,172,96,180,85,156,143,162,141,152,153,144,162,163,155,170,149,165,156,159,161,26.9258,19.4165,13.8924,59.7746,24.5153,13.1529,12.1655,49.8197,27.7849,16.4012,13.6015,57.6888,6.3246,15.6205,12.0416,22.4722,9.2195,8.6023,7.8102,7.2111,-3.7143,-4.75,-1.7143,-3.1667,4.8,6.5,6.0,5.4444,1.7143,1.3,1.375,1.5,0.3333,1.2,1.125,1.5833,0.8571,1.4,0.8333,1.5,3
122,188,108,171,100,146,95,128,87,117,122,125,125,101,127,87,129,75,133,129,145,104,153,89,160,77,142,139,146,135,136,149,129,158,149,151,153,146,146,155,140,162,26.2488,18.6815,13.6015,57.9396,24.1868,14.1421,12.1655,50.4876,27.7308,17.0,13.8924,58.5918,5.6569,17.2047,11.4018,23.0217,6.4031,11.4018,9.2195,14.2127,-3.125,-3.6,-1.375,-2.5714,8.0,7.0,6.0,7.1429,2.0833,1.875,1.7143,1.9259,1.0,1.4,1.2857,1.4615,1.25,1.2857,1.1667,1.2222,3
88,175,73,159,64,132,61,114,54,103,88,108,92,85,95,72,97,62,99,113,111,87,118,70,124,57,108,124,109,116,99,129,93,140,116,136,118,125,112,130,107,135,28.4605,18.2483,13.0384,59.1354,23.3452,13.3417,10.198,46.8722,28.6356,18.3848,14.3178,61.327,8.0623,16.4012,12.53,21.9317,11.1803,7.8102,7.0711,9.0554,-3.0,-6.0,-1.5714,-2.9474,5.75,4.3333,5.0,5.1111,2.1667,2.4286,2.1667,2.24,8.0,1.3,1.8333,1.0667,5.5,0.8333,1.0,-0.1111,3
86,158,70,140,61,112,58,94,52,82,87,88,91,66,94,52,97,41,98,94,111,67,119,50,126,35,107,107,109,97,98,110,90,121,115,122,118,109,111,113,105,118,29.4109,18.2483,13.4164,60.7289,22.3607,14.3178,11.4018,48.0521,29.9666,18.7883,16.5529,65.307,10.198,17.0294,13.6015,22.0227,13.3417,8.0623,7.8102,10.7703,-3.1111,-6.0,-2.0,-3.2222,5.5,4.6667,3.6667,4.7,2.0769,2.125,2.1429,2.1071,5.0,1.1818,1.375,0.8235,4.3333,0.5714,0.8333,-0.4,3
121,146,108,125,100,97,95,76,88,64,123,77,126,54,129,40,131,28,135,83,150,57,159,41,167,28,144,94,150,87,139,99,131,109,151,109,157,99,151,106,144,111,29.1204,21.587,13.8924,64.195,23.1948,14.3178,12.1655,49.6488,30.0167,18.3576,15.2643,63.6318,9.2195,16.2788,12.8062,19.8494,11.6619,9.2195,8.6023,7.2801,-3.5,-4.2,-1.7143,-3.05,7.6667,4.6667,6.0,6.125,1.7333,1.7778,1.625,1.7188,1.1667,1.0909,1.25,1.1538,1.6667,1.1667,0.7143,0.2857,3
132,138,119,119,112,91,108,71,102,57,135,71,138,49,140,37,142,26,147,78,162,54,172,40,180,27,155,89,162,84,152,96,144,105,162,102,169,95,165,101,160,106,28.8617,20.3961,15.2315,64.2884,22.2036,12.1655,11.1803,45.5412,28.3019,17.2047,15.2643,60.7454,8.6023,15.6205,12.0416,19.4165,9.8995,7.2111,7.0711,4.4721,-4.0,-5.0,-2.3333,-3.6471,7.3333,6.0,5.5,6.4286,1.6,1.4,1.625,1.5455,0.7143,1.2,1.125,1.4545,1.0,1.5,1.0,2.0,3
140,139,127,120,119,92,116,72,109,59,142,73,145,51,147,39,149,28,154,79,168,56,178,42,187,30,161,90,169,85,159,97,152,106,168,103,176,96,173,100,169,103,29.1204,20.2237,14.7648,63.6003,22.2036,12.1655,11.1803,45.5412,26.9258,17.2047,15.0,59.0762,9.434,15.6205,11.4018,18.3576,10.6301,5.0,5.0,1.0,-3.5,-6.6667,-1.8571,-3.3889,7.3333,6.0,5.5,6.4286,1.6429,1.4,1.3333,1.4848,0.625,1.2,1.2857,1.7778,0.875,1.3333,0.75,-0.0,3
148,141,137,121,130,94,127,74,120,61,152,79,155,56,156,44,158,33,162,85,178,62,188,48,197,37,170,96,176,92,166,103,159,110,175,109,184,102,181,107,177,110,27.8927,20.2237,14.7648,62.3618,23.1948,12.0416,11.1803,46.3897,28.0179,17.2047,14.2127,59.4054,7.2111,14.8661,9.8995,17.8045,11.4018,5.831,5.0,2.2361,-3.8571,-6.6667,-1.8571,-3.5294,7.6667,12.0,5.5,7.6667,1.4375,1.4,1.2222,1.3714,0.6667,1.1,1.0,1.2727,0.7778,1.6667,0.75,-0.5,3
156,147,145,126,140,99,136,79,130,66,160,86,163,64,165,51,167,40,171,92,186,71,196,57,206,46,178,102,185,99,175,109,167,117,183,115,192,109,191,111,189,113,27.4591,20.3961,14.3178,61.8466,22.2036,13.1529,11.1803,46.5296,25.807,17.2047,14.8661,57.8014,7.6158,14.1421,11.3137,18.6011,10.8167,2.2361,2.8284,6.3246,-5.4,-5.0,-2.1667,-4.0,7.3333,6.5,5.5,6.5714,1.4,1.4,1.1,1.3143,0.4286,1.0,1.0,1.3636,0.6667,2.0,1.0,0.3333,3
164,172,153,153,148,126,146,106,141,93,167,111,170,89,172,77,174,66,178,117,193,98,204,86,213,77,185,128,194,127,185,138,178,147,190,140,199,136,198,139,196,143,27.4591,20.0998,13.9284,61.1882,22.2036,12.1655,11.1803,45.5412,24.2074,16.2788,12.7279,53.1507,9.0554,14.2127,11.4018,20.2485,9.8489,3.1623,4.4721,6.7082,-5.4,-10.0,-2.6,-5.0,7.3333,6.0,5.5,6.4286,1.2667,1.0909,1.0,1.1429,0.1111,1.2222,1.2857,2.7143,0.4444,3.0,2.0,-0.5,3
172,192,161,173,156,146,154,125,148,112,175,131,178,108,180,94,182,83,185,137,202,118,213,106,222,97,192,147,202,148,197,159,192,169,197,159,206,155,207,162,206,170,27.4591,21.095,14.3178,62.3699,23.1948,14.1421,11.1803,48.5077,25.4951,16.2788,12.7279,54.4885,10.0499,12.083,11.1803,22.0,9.8489,7.0711,8.0623,14.2127,-5.4,-10.5,-2.1667,-4.6923,7.6667,7.0,5.5,6.8571,1.1176,1.0909,1.0,1.0811,-0.1,2.2,2.0,0,0.4444,-7.0,8.0,-1.2222,3
172,216,162,195,156,168,154,146,149,131,177,150,181,126,184,112,187,100,188,158,204,138,216,125,227,115,195,170,205,170,195,183,187,192,200,185,210,181,209,186,207,192,27.6586,22.0907,15.8114,65.307,24.3311,14.3178,12.3693,50.9902,25.6125,17.6918,14.8661,58.0517,10.0,16.4012,12.0416,23.4094,10.7703,5.099,6.3246,9.8995,-4.5,-11.0,-3.0,-4.9231,6.0,4.6667,4.0,5.0,1.25,1.0833,0.9091,1.1026,-0.0,1.3,1.125,2.75,0.4,5.0,3.0,-1.0,3
165,223,155,203,150,174,148,152,142,137,170,156,175,131,178,117,181,104,182,164,198,143,210,131,221,120,189,177,199,177,188,190,179,198,195,191,205,188,200,195,194,199,29.4279,22.0907,16.1555,67.2681,25.4951,14.3178,13.3417,53.1507,26.4008,16.9706,15.5563,58.7963,10.0,17.0294,12.0416,23.2594,10.4403,8.6023,7.2111,8.0623,-5.8,-11.0,-2.5,-5.0769,5.0,4.6667,4.3333,4.7273,1.3125,1.0,1.0,1.1282,-0.0,1.1818,0.8889,2.1,0.3,1.4,0.6667,8.0,3
135,242,115,228,100,204,94,182,91,162,111,173,105,145,102,128,100,113,125,172,126,141,126,122,126,107,138,177,135,168,130,189,128,206,150,186,149,170,144,180,140,190,28.3019,22.8035,20.2237,70.2282,28.6356,17.2627,15.1327,61.0,31.0161,19.0,15.0,65.0077,9.4868,21.587,17.1172,30.6757,16.0312,11.1803,10.7703,10.7703,-1.6,-3.6667,-6.6667,-2.75,-4.6667,-5.6667,-7.5,-5.4545,31.0,0,0,65.0,-3.0,4.2,8.5,2.9,-16.0,2.0,2.5,0.4,3
124,249,104,236,89,211,83,190,78,173,101,181,95,154,91,137,88,123,115,180,113,150,111,130,109,115,127,184,124,172,120,194,119,213,140,191,138,173,132,183,127,195,29.1548,21.8403,17.72,68.1542,27.6586,17.4642,14.3178,59.439,30.0666,20.0998,15.1327,65.2763,12.3693,22.3607,19.0263,30.0832,18.1108,11.6619,13.0,13.6015,-1.6667,-3.5,-3.4,-2.4231,-4.5,-4.25,-4.6667,-4.4615,-15.0,-10.0,-7.5,-10.8333,-4.0,5.5,19.0,3.625,-9.0,1.6667,2.4,0.3077,3
111,246,88,236,73,212,68,189,64,170,87,179,80,151,76,134,72,119,100,176,98,146,94,125,90,110,113,179,108,167,105,191,104,211,127,185,123,166,116,177,110,190,28.3019,23.5372,19.4165,70.2282,28.8617,17.4642,15.5242,61.8466,30.0666,21.3776,15.5242,66.7533,13.0,24.1868,20.025,33.2415,19.4165,13.0384,14.3178,17.72,-1.6,-4.6,-4.75,-2.75,-4.0,-4.25,-3.75,-4.0,-15.0,-5.25,-3.75,-6.6,-2.4,8.0,20.0,3.5556,-4.75,1.5714,2.1667,0.2941,3
101,238,79,225,65,199,61,175,58,156,79,171,71,144,67,127,64,112,91,168,89,136,84,116,81,101,104,171,98,155,94,179,94,198,118,177,113,158,105,169,99,183,29.5296,24.3311,19.2354,72.1249,28.1603,17.4642,15.2971,60.8769,32.0624,20.6155,15.2971,67.7422,17.088,24.3311,19.0,28.7924,19.6469,13.6015,15.2315,19.9249,-1.8571,-6.0,-6.3333,-3.2857,-3.375,-4.25,-5.0,-3.9333,-16.0,-4.0,-5.0,-6.7,-2.6667,6.0,0,2.7,-3.8,1.375,2.3333,0.3158,3
99,236,77,223,63,198,59,175,56,156,77,170,69,143,65,126,61,111,90,167,86,135,81,115,78,100,102,169,95,154,92,178,92,198,116,176,110,155,102,166,97,180,28.6531,23.3452,19.2354,70.214,28.1603,17.4642,15.5242,61.131,32.249,20.6155,15.2971,68.0661,16.5529,24.1868,20.0,30.6757,21.8403,13.6015,14.8661,19.4165,-1.7857,-5.75,-6.3333,-3.1905,-3.375,-4.25,-3.75,-3.6875,-8.0,-4.0,-5.0,-5.5833,-2.1429,8.0,0,2.9,-3.5,1.375,2.8,0.2105,3
